driverId,name,ssn,location,certified,wage-plan
10,Rachel Singleton,068-94-6844,"525 Poole Corner Suite 155
Brettmouth, AS 52812",Y,miles
11,Andrew Moreno,885-61-2734,"040 Stephen Extension
Shirleybury, IN 20184",Y,hours
12,Valerie Mcdonald,823-65-8579,"47403 Jill Place
Murrayfort, MA 56557",Y,miles
13,Katherine Hernandez,671-50-3036,"10555 Kimberly Lodge
Amybury, NJ 58757",N,hours
14,Jonathan Davis,305-71-0621,"8263 Hannah Cliffs
North Latasha, MS 86499",N,hours
15,Rhonda Whitehead,462-32-7978,"7679 Gross Cliffs Apt. 138
South Stephanie, AS 36887",N,miles
16,James Henry,043-70-8233,"3572 Cynthia Village Apt. 380
Fowlerview, MD 58665",N,miles
17,Lucas Johnston,071-91-0967,"621 Troy Field Suite 747
Jacksonview, NH 05927",Y,miles
18,Craig Marshall,246-21-7259,"635 Mcpherson Village Suite 644
Lake Jeffbury, FL 52883",Y,miles
19,Laura Collins,858-61-4212,"771 Phillip Ports Apt. 735
Lonnieside, AS 42778",N,miles
20,Tami White,471-01-1624,"48587 David Skyway
North Rachel, WV 34457",N,miles
21,Daniel Newton,324-57-5105,"2200 Bailey Route
North James, FM 23508",Y,miles
22,Amy Garrett,246-87-7754,"743 Catherine Isle
Simpsonmouth, AL 24480",N,miles
23,Bradley Campbell,540-02-5335,"4693 Alexander Cove
West Jessica, SC 34244",Y,miles
24,Jessica Conner,179-28-1828,"5131 Collins Springs
South Williamhaven, AS 85244",Y,hours
25,Jeff Cole,112-08-4415,"52550 Fisher Coves Apt. 665
Joneschester, MD 93763",Y,hours
26,Sheri Proctor,768-47-6110,"93615 Jessica Mountain Suite 991
Samanthafurt, DC 46852",Y,hours
27,Shari Chung,364-81-5741,"726 Claudia Cove Suite 678
South Phylliston, ME 37448",Y,miles
28,Amy Henry,443-87-7622,"03730 Miller Ford
Montgomeryfurt, DC 15600",N,miles
29,Amanda Tucker,182-21-3915,"4269 Martinez Circles Apt. 900
South James, IN 18844",Y,miles
30,Martin Johnson,129-19-9045,"15164 David Fords Apt. 705
Taylorchester, AS 93769",Y,miles
31,Michael Mcclain,464-03-8308,"6943 Barnes Circles
Elizabethstad, TX 20057",N,miles
32,Kevin Wilson,048-33-8239,"1768 Julie Coves
Mauriceborough, WA 80796",N,miles
33,Scott Ortiz,087-92-1532,"00788 Atkinson Garden
Lake Adam, VA 76001",Y,hours
34,William Pugh,609-34-5735,"3294 Hogan Extension Apt. 237
Johnathanmouth, KS 47262",N,hours
35,Devon Mckee,086-63-0364,"USS Nichols
FPO AP 66103",Y,hours
36,Lorraine Rodriguez,853-46-8611,"162 Michelle Point
Henryfort, CT 23413",N,hours
37,Miss Kelsey Camacho,850-90-3218,"1987 Harvey Rue
New Brian, IN 84102",Y,hours
38,Joann Novak,645-89-1998,"969 Marshall Bridge
West Jesseberg, PA 19962",Y,hours
39,Amanda Shepherd,574-86-2237,"07912 Lawrence Curve Apt. 541
East Tammy, MA 04111",N,hours
40,Melissa Stevenson,657-34-2808,"89254 Tiffany View Suite 723
Jeffreyview, ND 08357",Y,miles
41,Thomas Harris,355-38-7477,"60820 Rodriguez Valleys Suite 297
East Jennifermouth, KY 70111",Y,miles
42,Stephen Trujillo,297-49-7214,"857 Kathleen Lights Apt. 557
South Jeffrey, NJ 13848",Y,hours
43,Amanda Poole,425-90-9757,"24714 Timothy Viaduct Suite 076
Khanshire, NE 53293",N,hours
44,Travis Jackson,047-75-6552,"105 Arnold Trail Apt. 551
Courtneybury, ND 93163",N,hours
45,Angela Fuller,198-15-7231,"66230 Susan Keys Apt. 056
Lake Kevin, KY 20728",Y,hours
46,Bill Beard,123-39-7794,"07475 Payne Rue
Duffyborough, NM 73416",Y,miles
47,Tammy Scott,047-55-9935,"84143 Rodriguez Pine Suite 538
Lake Scottfurt, MA 28832",N,hours
48,Mary Sanchez,636-52-1818,"675 Barton Camp Suite 315
Jenniferview, PA 18818",N,hours
49,Margaret Garcia,416-39-5886,"50740 James Flat
Pattersonchester, CT 70069",N,miles
50,Jeffrey Brown,485-92-6357,"353 Ariana Skyway Suite 074
South Morgan, MS 06404",Y,miles
51,James Lawson,099-69-0392,"Unit 0264 Box 8195
DPO AA 90810",N,hours
52,Nancy Lopez,862-48-0561,"19775 Jon Course Apt. 040
Turnerchester, GU 99187",Y,miles
53,Erika Ross,575-09-2351,"2169 Anthony Garden
East Cindy, KY 40651",Y,hours
54,John Huerta,469-51-3255,"149 Morris Inlet Apt. 358
Lawrencehaven, PR 20290",Y,hours
55,Julie Rogers,824-59-0288,"556 Sullivan Mission Suite 669
Robertfurt, DE 58439",N,hours
56,April Riley,802-56-4929,"Unit 4599 Box 0018
DPO AE 13675",N,hours
57,Kyle Rodriguez,825-85-2033,"PSC 5888, Box 0511
APO AE 72152",Y,hours
58,Jonathan Hendrix,379-36-5552,"68617 Fuentes Groves Apt. 385
Marieborough, AS 53124",Y,hours
59,Travis Schneider,123-79-5561,"497 Kirby Lights
Lake Jessicashire, MP 92020",Y,miles
60,William Jacobs,569-43-0872,"3668 Lopez Crossroad
Nicolemouth, IL 25127",N,miles
61,Jonathan Fleming,388-39-7945,"6688 Jessica View
Samanthaberg, WI 81886",Y,hours
62,Jacqueline Barnes,750-65-5131,"513 Angela Hills Apt. 653
Prattland, LA 93559",Y,miles
63,Gregory Baker,367-50-7606,"0503 Hannah Parks
Makaylaview, KY 65484",N,hours
64,Sean Jimenez,731-85-9341,"PSC 4633, Box 4738
APO AE 52831",N,miles
65,Tanner Walker,629-25-0377,"33078 Wheeler Lights
Brianburgh, NM 03115",Y,miles
66,Sarah Rodriguez,584-35-6721,"509 Murillo Forge Suite 829
Beasleyville, IA 27780",N,hours
67,Scott Johnson,828-96-2952,"9208 Michael Coves
South Jennifermouth, KS 59789",N,miles
68,Emily Watson,703-09-3331,"4399 Maynard Walk
Stacyfort, NH 49502",Y,hours
69,Adam Salazar,773-86-5849,"4797 Smith Center Apt. 065
West Heather, IL 47449",N,miles
70,Daniel Mayer,718-08-0129,"66555 Danielle Loop
Alexanderville, WA 65067",N,hours
71,Chelsea Shaw,843-47-9338,"736 Brown Ville
East Melanie, CT 46094",N,hours
72,Sean Butler,825-77-3628,"5105 Pamela Keys
South Allison, AZ 21322",Y,hours
73,Lawrence Mccormick,777-06-8297,"741 Alison Lock Suite 837
New Charles, NY 14263",N,hours
74,Victoria Nielsen,567-76-4730,"19668 Rivera Ford Suite 466
New Heidi, IA 71780",N,hours
75,Andrea Fox,289-86-8511,"481 Deborah Crossing Suite 156
West Deniseville, AR 60028",N,miles
76,Allison White,668-76-6820,"79094 Sarah Village Suite 639
Tinaland, MN 34396",N,hours
77,Heather Trevino,273-70-0899,"393 Lowery Motorway Suite 159
Lake Jenniferside, AS 73046",Y,hours
78,Michelle Anderson,567-66-4048,"230 Silva Junctions
New Mindytown, DC 54977",Y,hours
79,Donald Dickson,768-21-2497,"602 Bell Lakes
Alvaradostad, MS 37432",Y,hours
80,Ryan Rogers,490-59-4416,"91985 Michelle Trafficway Suite 421
Robertsonborough, MA 39641",N,hours
81,Marissa Murray,444-81-5352,"4540 Gray Mount
Tabithahaven, AZ 84106",Y,miles
82,Brenda Williams DDS,334-95-0799,"57770 Hunter Village Suite 974
Salasmouth, TX 65717",N,hours
83,John Perez,483-82-9048,"4080 Miles Pike Suite 958
Port Henryside, OK 28451",Y,hours
84,Nicole Valencia,078-53-8840,"76291 Tammy Locks Apt. 587
Jasmineside, NM 39110",Y,miles
85,Amber Smith,746-77-8229,"PSC 9744, Box 9147
APO AE 32242",Y,hours
86,Jeffrey Lee,876-97-9879,"7537 Rodriguez Ridge
Thompsonburgh, IN 39355",Y,miles
87,William Sims,644-10-9917,"Unit 1323 Box 8240
DPO AE 99033",N,hours
88,Kimberly Walls MD,886-43-0730,"44899 Hicks Plains Suite 461
Port Danamouth, AL 46027",N,miles
89,Scott Lopez,889-21-9220,"6517 Kim Plaza
New Anita, VI 66059",Y,hours
90,Joseph English,419-50-6239,"7775 Ray Tunnel Apt. 353
Cherylview, MA 70931",N,miles
91,Jerry Oliver,512-56-9482,"931 Allison Flats Apt. 058
Brettberg, AS 06033",N,miles
92,Pamela Turner,009-97-5191,"398 Gibson Points Suite 521
Leonardmouth, CO 57340",Y,hours
93,Brian Cooper,629-69-9168,"242 Holland Forks
Jessechester, PR 84503",Y,hours
94,Robert Wise,445-65-1705,"4922 Taylor Trace Suite 037
New Morganfort, MN 31357",Y,miles
95,Jacqueline Hall,102-33-6883,"292 Taylor Manor
North Davidstad, IA 39419",Y,miles
96,Kenneth Doyle,742-40-5760,"PSC 5359, Box 2297
APO AE 04666",N,miles
97,David Jones,611-67-5709,"14389 Jordan Lane
Hansonbury, AL 36043",N,miles
98,Kathryn Garcia,546-83-9346,"206 Donna Ranch
Lauraborough, OR 89280",N,miles
99,Jeffrey Harrison,351-15-5482,"38135 Ellis Rest
West Brett, ND 72408",N,hours
100,Christina Robles,407-50-3424,"714 Jamie Groves Suite 264
Monicamouth, MH 26016",N,miles
101,Arthur Garcia,641-96-7416,"PSC 0606, Box 3733
APO AE 99463",N,hours
102,Joseph Andrews,872-59-6278,"0161 Robert Rapid
South Tyler, TN 36197",N,miles
103,Caroline Lopez,773-31-6291,"622 Stout Parks Suite 246
Roberttown, FL 13479",N,hours
104,Victoria Richardson,667-51-2617,"784 Kristin Junctions
New Reneeton, CT 02198",N,miles
105,Jason Gonzalez,118-85-3918,"2435 Tammy Club Suite 894
Lake Anna, NJ 22376",Y,hours
106,John Cordova,420-12-4648,"37626 Kathryn Harbor
North Patricia, NV 88063",Y,hours
107,Courtney Harvey,043-29-3026,"8779 Justin Forks
Davidside, VI 16914",Y,miles
108,Theresa Peters,039-67-8351,"Unit 8337 Box 4186
DPO AP 21453",Y,miles
109,Janet Reese,543-88-0759,"9970 Michael Crescent
Tinatown, NH 80511",Y,miles
110,Thomas Proctor,086-42-8803,"376 Carpenter Island Apt. 369
Port Jeffrey, MS 43670",Y,hours
111,Logan Lewis,662-68-2723,"41085 Flores Roads
Chaneyview, NE 85160",N,hours
112,Christopher Williams,393-51-2163,"726 Johnson Centers Apt. 918
South Stacey, MN 02268",Y,miles
113,Michael Orr,466-41-7616,"Unit 6817 Box 4785
DPO AE 11436",N,miles
114,Melissa Smith,875-13-0949,"8214 Sanchez Square Suite 044
North Stephaniechester, WA 88172",N,miles
115,Stephanie Cox,398-50-1198,"07872 Diana Pine Suite 835
Wilsontown, ND 76204",N,hours
116,Victor Campos,100-66-2317,"0750 Martin Falls Suite 826
New Meghan, CO 66871",N,miles
117,Ashley Brown,193-30-0989,"76868 Berger Walks Apt. 810
South Cynthia, LA 61155",Y,hours
118,Mary Martinez,670-72-4480,"928 Scott Junction
West Joseph, IA 42911",N,miles
119,Julia Hughes,183-56-4053,"6400 Angela Springs Suite 233
North Coreymouth, WV 46234",N,hours
120,Steven Williams,143-62-3151,"227 Bernard Mews
North Hannahborough, TN 37181",Y,hours
121,Joseph Hill PhD,394-03-2626,"71338 Shawn Burg
Williamberg, KS 97799",N,miles
122,Kelli Mccoy,397-96-1161,"38782 Ryan Islands
Lake Brandonstad, GU 61986",Y,miles
123,Dennis Sanchez,465-73-7570,"873 Anderson Estates
Fosterville, PW 32773",N,hours
124,Jessica Clark,727-33-2907,"7203 Spencer Island Apt. 072
Amyshire, NM 17664",N,hours
125,Jason Murray,757-06-2912,"1828 Stone Mountain Apt. 372
Johnsonview, CT 67971",N,hours
126,Daniel Hendrix,296-71-6837,"114 Tyler Mall Apt. 336
New Steven, NH 25566",Y,hours
127,Candice Vaughn,735-18-9704,"6009 Kayla Road Apt. 968
Brookstown, RI 69286",N,miles
128,Kimberly Richardson,261-61-1838,"39352 Tommy Dale
Port Shawn, MD 88675",N,miles
129,Matthew Herrera,756-83-4835,"USNS Austin
FPO AA 68379",Y,miles
130,Denise Alexander,829-69-1349,"72655 Williams Spurs
Stevenfort, AZ 92324",N,miles
131,Nicole Scott,082-72-0407,"273 Amanda Shoal
West Dominiqueland, AR 16401",Y,hours
132,Ashley Barr,298-47-0206,"6189 Holly Point Apt. 758
Stefanietown, NM 14823",Y,hours
133,Calvin Deleon,234-80-4900,"1323 John Roads Suite 949
South Jennifer, MS 33561",Y,miles
134,Tiffany Gay,504-32-7762,"6209 Jesse Tunnel
Robertsside, MI 76354",N,miles
135,Jonathan English,847-91-9693,"5950 Stokes Flats Suite 692
Lake Melissa, OH 23533",N,hours
136,Michael West,590-03-7158,"233 Sarah Key
Johnsonfort, MI 22732",Y,hours
137,Sarah Austin,642-12-3014,"2618 Cindy Rest Suite 626
Lake Williamton, PA 58486",N,miles
138,John Buckley,742-55-1369,"9387 Walls Port
Parkerport, MS 45520",N,miles
139,Jeffrey Phillips,520-47-4664,"9599 Chavez Shores
Port Anthony, OK 92095",Y,hours
140,Susan Jones,562-31-4067,"515 Derek Bridge
Pamelaside, WA 77235",Y,hours
141,Michelle Reyes,838-91-6457,"4700 Faulkner Lake
North Kelsey, IL 69990",N,miles
142,Christopher Clark,515-71-7991,"2956 James Cliff Suite 133
South Brian, VT 23872",N,miles
143,Jeremy Maddox,034-03-5415,"28133 Reynolds Knoll
North Ambershire, NE 46464",N,hours
144,Robert Payne,784-69-3203,"44563 Davis Path Apt. 435
Deanport, FL 54417",Y,hours
145,Tanya Newton,713-38-6945,"Unit 0788 Box 1193
DPO AP 40434",N,miles
146,Heather Schultz,197-18-4938,"96040 Morrison Isle Suite 566
North Emilybury, FM 90062",Y,miles
147,Stephanie Bell,702-87-4765,"897 Morrison Pass Suite 678
East Melvinville, NV 99099",N,miles
148,Nancy Johnson,188-25-7841,"25312 Butler Inlet Suite 020
New Williamfurt, NC 41067",Y,miles
149,Kevin Hughes,650-67-0613,"4934 Cobb Brook
Wutown, ND 27372",N,miles
150,Mrs. Kimberly James,663-63-8006,"936 Cameron Lodge
Lake Tylerbury, VT 09433",N,hours
151,Leslie Allen,746-70-9002,"228 Mcconnell Pine Suite 150
North James, PA 55622",Y,miles
152,Sarah Watkins,318-98-9568,"3845 Christopher Islands
Sanchezborough, OH 50511",Y,miles
153,Cassandra Baker,539-45-4505,"Unit 5775 Box 7067
DPO AE 62696",N,hours
154,Michael Smith,705-25-0433,"569 Clayton Shores
West Ashleyburgh, CA 43121",Y,hours
155,Holly Montgomery,291-55-1987,"7924 Brian Square Apt. 310
Carpenterside, AR 81415",Y,miles
156,Russell Berg,876-90-6026,"091 Evans Centers
Riveraside, MP 94643",Y,miles
157,Brenda Jones,824-40-9822,"6238 Morales Flat
Port Andrea, OK 06598",N,miles
158,Darlene Perkins,395-69-4257,"072 Kelsey Manor Apt. 547
Leview, RI 85803",N,miles
159,Christopher Miller,357-99-3860,"3202 Lee Bypass
Lake Paulport, NY 38543",N,miles
160,Allison Graham,284-67-3561,"378 Megan Ferry Apt. 544
Hillfort, NV 77108",Y,miles
161,Jean Ford,614-64-8090,"70493 Nelson Oval
Beckerview, MP 94972",N,miles
162,Johnny Hogan,834-77-4753,"404 Rachel Drive Suite 978
Valenciamouth, MI 63486",Y,miles
163,Carla Sanders,414-80-1454,"668 Susan Neck Apt. 312
Pollardhaven, PA 73981",N,miles
164,Gregory Moran,388-22-1088,"9447 Scott Key Apt. 471
North Lukechester, FL 47436",N,miles
165,James Valenzuela,155-98-7497,"876 Philip Brooks
Jeffreyberg, RI 83476",N,hours
166,Kenneth Farmer Jr.,093-15-9150,"34182 Davis Vista
Chapmanstad, MT 55673",N,miles
167,Jose Moore,405-25-9549,"8608 Brandon Fields
Jasonborough, AS 96288",Y,hours
168,Anthony Bennett,638-46-4696,"3115 Jonathan Courts Apt. 642
Thomasburgh, MO 86167",N,miles
169,Scott Diaz,740-30-7763,"8651 Johnny Rapids
North Matthew, AR 28648",N,miles
170,Belinda Watkins,639-38-6085,"Unit 9037 Box 4236
DPO AP 78998",N,hours
171,Steven Mccoy,813-67-6267,"29239 Debra Stravenue Suite 254
East Diana, KY 60641",N,miles
172,Tyler Cohen,014-69-9128,"Unit 5516 Box 3268
DPO AE 33812",Y,miles
173,Johnny Morton,530-52-8046,"6788 Hill Light Suite 932
New Ashleyhaven, SD 12632",N,hours
174,Dr. Justin Coleman,885-47-7558,"34997 Peters Islands
Port Jamiechester, TN 58371",N,hours
175,Brian Heath,225-30-1329,"7051 Shaw Burgs
Melissamouth, VI 58118",Y,miles
176,David Leach,739-60-1035,"126 Samantha Mission
Leton, MS 17695",N,hours
177,Eric Mcclure,863-94-6147,"262 Ellen Union
Port Branditown, AR 25603",N,hours
178,Joseph Carter,586-94-0987,"Unit 5196 Box 5194
DPO AP 72982",N,miles
179,Amy Jones,841-08-0210,"83007 Jeffrey Road Apt. 539
Hernandezchester, MO 41926",N,miles
180,Mark Collier,242-93-2260,"6518 Vincent Throughway Suite 773
Melissaberg, WI 65212",Y,hours
181,Peter George,896-86-2012,"USNS Gray
FPO AE 61331",Y,miles
182,Clayton Davis,237-36-4664,"35650 Becky Overpass
Lewisburgh, PR 21003",N,hours
183,Frederick Wallace,574-98-5953,"477 David Parks Apt. 791
Jacobborough, DC 99319",Y,hours
184,Alejandro Tyler,510-60-8511,"3484 George Drives Suite 059
South Savannah, AS 87420",Y,miles
185,Nicholas Brown,896-97-4671,"Unit 2738 Box 1942
DPO AA 96813",N,hours
186,Micheal Morgan,794-55-9751,"79492 Rhonda Junction Apt. 946
West Tammy, NH 44017",Y,miles
187,Edward Fowler,440-12-5105,"310 Lauren Trail Apt. 344
Hayesmouth, KS 01634",Y,miles
188,Ashley Mccoy,603-05-5550,"168 Silva Lake Apt. 984
Barkerberg, GA 65121",Y,miles
189,Lindsey Farmer,850-14-2706,"013 Turner Cape Apt. 815
East Ryan, NJ 63096",Y,hours
190,Abigail Sosa,168-10-9842,"77115 Garcia Village
Melindachester, SC 69973",Y,miles
191,Victor Bolton,554-24-4862,"03988 Jennifer Locks
South Misty, ID 95067",N,hours
192,Frank Mitchell,613-52-1859,"2625 Kristen Gateway
New Anthony, NJ 17034",N,hours
193,Jennifer Powell,166-71-9103,"6414 Chambers Trace Apt. 526
North Andrewville, CA 05775",N,hours
194,Grace Olson,645-68-8753,"5023 Mary Drives
North Kristine, PW 55325",N,miles
195,Joseph Barrett,497-92-7351,"02220 Wilson Loop Apt. 313
West Chelseaside, ME 59369",N,miles
196,Jennifer Small,398-13-8220,"302 William Isle
South Sethburgh, AS 77617",N,miles
197,James Morse DDS,803-06-5055,"249 Sean Junction
Antoniohaven, VI 98059",Y,miles
198,Lee Sweeney,836-39-6711,"7640 Mason Square Apt. 653
Ericbury, FL 79387",Y,hours
199,Christian Martinez,783-04-6185,"9379 Elizabeth Shoals
Andreamouth, MO 86787",Y,miles
200,Tamara Montoya,630-19-6885,"48248 Laura Forges
Johnsonton, MS 52594",N,miles
201,Dawn Brown,012-97-2793,"329 David Shoal Suite 694
Gregoryside, CA 88190",N,hours
202,Darlene Blackwell,361-07-1620,"38820 Deanna Street Apt. 280
Amybury, MP 84793",Y,hours
203,William Quinn,448-64-8823,"9043 Johnson Fort
Marytown, MN 71685",Y,miles
204,Emily Moon,659-42-6594,"847 Scott Plains
North Steve, TX 61228",Y,miles
205,Nicole Mccoy,242-77-1719,"3726 James Walks Apt. 446
Moralesshire, WY 07801",Y,hours
206,Joshua Morrison,381-06-4277,"809 Hicks Motorway
Reedside, IL 45756",N,hours
207,Joseph Taylor,088-23-8914,"970 Dakota Springs
South James, VI 44357",Y,miles
208,Dennis White,432-64-5036,"0124 Ward Brook Suite 192
North Daniel, IN 94370",N,hours
209,Kelly House,549-64-7356,"0133 Douglas Center Suite 602
South Charlesport, UT 23091",Y,hours
210,Diane Brooks,120-30-4638,"2937 Garcia Court Suite 638
East Jonathan, NV 82493",Y,hours
211,Jack Osborne,568-08-6539,"7831 Luna Manor Apt. 270
West Davidport, CT 39641",N,miles
212,James West,765-53-3356,"PSC 7171, Box 6058
APO AE 31179",Y,miles
213,Christopher Pierce,493-70-6040,"0485 Michelle Ramp Apt. 988
Port Stevenshire, SC 16616",N,hours
214,Dawn Bowman,156-57-0639,"06351 Lisa Walk
Port Staceymouth, AK 81513",N,miles
215,Natalie Trujillo DVM,430-75-1462,"594 Andrea Springs
Jordanberg, SD 14084",N,hours
216,Amy Reid,031-65-2818,"USS Johnson
FPO AE 36390",N,miles
217,Jeanette Johnson,297-02-5834,"298 Griffin Wall Suite 456
Kaylaside, HI 71064",N,hours
218,Brian Peterson,338-88-3387,"91883 Payne Drive Suite 838
West Ryanmouth, OH 89605",N,hours
219,Andrew Mitchell,562-42-7355,"3275 Brent Plain
Annaside, FL 90191",Y,hours
220,Kevin Reid,322-34-1423,"5602 Cline Haven Apt. 668
Port Jeffreybury, IA 02567",Y,miles
221,David Dudley,198-59-4589,"4136 Johnson Village Suite 320
Allenview, CA 81738",Y,hours
222,Jose Turner,698-20-2879,"30747 Howe Fall Suite 474
Parkershire, FL 08232",Y,miles
223,Daniel Huff,269-36-1366,"5349 Jones Prairie
Christopherland, NE 64040",N,hours
224,Christopher Deleon,112-38-9319,"65242 Mercer Ridge Suite 976
Port Jason, NE 10178",N,hours
225,Natasha Lewis,541-95-8938,"973 Smith Land Apt. 108
New Olivia, HI 18805",Y,miles
226,Allison Davis,268-59-5785,"PSC 5079, Box 2991
APO AA 79608",Y,miles
227,Julie Stanton,165-14-6661,"835 Catherine Row Suite 530
Susanbury, VA 83268",Y,hours
228,Aaron Moore,115-55-9986,"95322 Booker Manors Apt. 272
East Tyler, SD 41127",N,hours
229,David Reyes,387-15-0473,"1284 Sanders Haven
Kevinshire, SC 27009",Y,miles
230,Stephanie Brooks,734-63-5474,"32837 Rodriguez Lock Suite 014
Hinesborough, IN 39128",N,miles
231,Steven Johnson,860-92-8421,"46661 Watts Manors
Middletontown, FM 69485",N,miles
232,Donna Roberts,128-19-3282,"652 Wang Branch
West Shane, HI 25678",N,miles
233,Jason Robinson,253-16-1397,"315 Craig Locks Apt. 680
Granthaven, NJ 41398",N,miles
234,Brian Hughes,396-95-3332,"9204 Alvarado Avenue
New Donaldview, MS 21273",Y,miles
235,Anna Mcclure,853-20-3911,"6795 Michelle Lodge Apt. 225
East Susan, NV 06809",Y,hours
236,Patricia Jones,477-16-0093,"8512 Jessica Field Apt. 229
Michaelborough, IA 97110",Y,hours
237,Michelle Thomas,356-83-3475,"8670 Robert Tunnel
Michellehaven, AL 29095",Y,hours
238,Terry Morgan,291-91-6029,"USNV Pitts
FPO AA 84627",Y,hours
239,Joseph Fields,387-89-6632,"4674 Wendy Wells Apt. 418
Jenniferborough, NV 68007",N,hours
240,Bernard Miller,218-71-8099,"2682 Samuel Underpass Suite 545
Lake Tony, KS 66996",Y,miles
241,Gina Weaver,305-42-3511,"00973 Angela Locks Apt. 950
Edwardsview, UT 21235",N,miles
242,Lisa Hamilton,563-81-7787,"Unit 6370 Box 5784
DPO AP 84965",N,hours
243,Jeff Cortez,839-64-2926,"Unit 8395 Box 5693
DPO AE 99081",N,hours
244,Ralph Turner,768-79-4570,"48742 Donald Fork
Priceshire, NY 21816",Y,miles
245,Caleb Harvey,114-91-7073,"USCGC Tyler
FPO AA 15310",N,miles
246,Morgan Armstrong,303-13-4279,"08059 Taylor Place Suite 346
Silvaton, WI 47614",N,miles
247,Thomas Cox,897-21-6214,"11238 Campbell Canyon
Port Petertown, ME 26275",Y,hours
248,Logan Adams,040-88-9901,"52547 Ariana River
Rebeccahaven, WA 94801",N,hours
249,Bryan Bennett,380-20-1710,"81981 Edwards Locks
Moorestad, UT 50462",N,miles
250,Anthony Barnes,117-64-7045,"228 Grant Trafficway
Port Paulborough, NE 99587",Y,hours
251,Ryan Huber,194-51-5154,"2247 Logan Ranch
North Lindseychester, NE 83872",N,miles
252,Marie Gibson,582-61-1732,"86304 Debra Pines Suite 658
Port Cynthia, MH 00979",Y,hours
253,Jack Mckee,830-05-8993,"6161 Michael Alley
Greenstad, FM 90159",Y,hours
254,Courtney Smith,542-88-8610,"15906 Ferguson Rapid
Baileyville, MN 36129",N,miles
255,Jerry Miller,706-63-7657,"8857 Veronica Crest
Haysshire, MS 25056",Y,hours
256,Michael Powers,193-61-3273,"76011 Jones Course
Bennettburgh, NJ 76246",Y,hours
257,Amanda Cole,301-63-2414,"51791 Benitez Underpass Suite 019
West Jessica, MP 23201",Y,miles
258,Jennifer Pearson,315-21-5774,"80796 Elizabeth Locks Apt. 550
Morrisfort, CT 91930",Y,hours
259,Oscar Miller,281-20-6303,"06760 Adkins Port
Donaldtown, FL 79599",Y,hours
260,Micheal Merritt,788-53-2633,"999 Wilcox Plain
West Heatherville, MN 83191",N,hours
261,John Bautista,823-32-6996,"USCGC King
FPO AP 54945",Y,hours
262,Christopher Townsend,139-57-9160,"74945 Emily Lakes Apt. 574
Burnsberg, CT 88969",N,hours
263,Megan Singh,461-60-5502,"143 Weiss Hills
North Melanie, DE 10994",N,hours
264,Alan Glenn,065-78-6500,"533 Mark Hills
New Lauren, MD 33211",Y,hours
265,Ryan Ball,485-82-0257,"44476 Sara Springs Apt. 583
Lopezton, CO 22858",Y,hours
266,Robert Smith,046-09-7923,"398 Kyle Prairie Suite 372
Jeremyberg, CO 23818",Y,hours
267,Mrs. Jessica Barber,706-32-0318,"554 Keller Shore Suite 617
New Robertmouth, MI 05988",Y,miles
268,Carla Burns,247-02-0145,"285 Bailey Key
Wongside, AZ 39441",N,hours
269,Mark Rhodes,179-10-0513,"266 Matthew Alley
Sanchezfort, CO 90322",N,miles
270,Douglas Allen,057-24-5929,"82901 Brandi Common Suite 625
Greenmouth, NH 64518",Y,hours
271,Jaime Maldonado MD,882-22-3867,"0503 Benton Pines
Davidborough, AS 11399",Y,miles
272,Miss Kari Clark DVM,832-15-1562,"46579 Spencer Points
East Heidi, WV 66351",Y,hours
273,Derek Owen,340-87-6504,"39640 Joseph Extensions Suite 802
Kyleton, GA 66826",Y,miles
274,Anthony Serrano,183-78-4430,"9005 Joseph Ridges Apt. 546
Smithmouth, PA 66226",N,miles
275,Alex Alvarado,696-02-6178,"297 Bailey Ferry
Wrightland, MO 93418",N,miles
276,Emily Rodriguez,799-13-5698,"4169 Thomas Crescent
Gentryburgh, WY 17926",Y,miles
277,Henry Bray,597-98-2744,"1135 Mikayla Square Apt. 542
Anthonystad, GU 66603",Y,miles
278,Vanessa Perkins,869-89-1615,"128 Michelle Pike
Susanmouth, WI 07911",N,hours
279,Mary Medina,403-06-4062,"366 Marsh Shoals
Stokeshaven, WV 86822",N,miles
280,Jillian Gonzales,442-98-4738,"6292 Rodriguez Unions
Lake Wesley, ID 30963",N,hours
281,Haley Hansen,682-44-3926,"2267 Nathan Road Apt. 897
East Elizabeth, ND 12190",N,hours
282,Damon Woodard,621-47-3321,"49433 Carter Circles
West Christine, GA 91492",N,miles
283,Lauren Solis,097-60-9480,"91630 Juarez Mountains Suite 070
Nelsonfurt, KS 37633",Y,miles
284,Michael Graham,265-91-2869,"8450 Heather Circles Suite 039
Stephanieborough, FM 73262",N,miles
285,Molly White,302-10-0064,"852 Jennifer Forks Suite 171
East Wandaberg, FL 85085",N,miles
286,Sarah Carroll,368-02-7833,"91829 Ramirez Freeway Apt. 905
North Davidfurt, RI 02322",Y,hours
287,Debra Buchanan,668-64-9432,"535 Jacqueline Via Apt. 275
Catherineborough, RI 20483",N,miles
288,Thomas Rivas,205-34-3031,"76881 Holder Ville Apt. 295
New Jessicaland, NH 46602",Y,hours
289,Jason Lopez,581-50-5640,"92465 Powell Mission Suite 837
Susanmouth, PW 38310",N,hours
290,Lisa Perez,866-08-7426,"2907 Lawrence Trail Apt. 306
Smithchester, OH 86531",N,hours
291,Tommy Hoffman,063-71-6372,"757 Kenneth Lodge Apt. 652
Scottbury, CO 89676",N,miles
292,Richard Foster,362-15-1802,"8002 Heath Key Apt. 557
Port Jill, NM 29083",N,hours
293,James Johnson,154-48-8627,"68964 Andrea Plains Suite 969
Austinbury, NY 37859",Y,hours
294,Joshua Graves,132-55-4224,"05358 Wood Ridge Suite 073
New Mary, ME 85314",N,hours
295,Anthony Franklin,867-31-0352,"USNS Weaver
FPO AP 35626",Y,hours
296,Claudia Buckley,651-87-4270,"33363 Mary Knoll Apt. 268
Meganberg, AZ 44732",N,hours
297,Tara Wilson,755-41-8843,"Unit 5527 Box 2231
DPO AE 34703",N,hours
298,Mr. Glenn Jackson,535-79-3919,"7893 Jones Heights
Traceyfort, PR 76023",Y,hours
299,Kenneth Gray,399-46-6314,"06442 Ponce Mission
New Scott, RI 73426",Y,hours
300,Julie Atkinson,026-58-5923,"3645 Roberts Park Apt. 820
Bennetthaven, GA 88910",Y,hours
301,Stephen Perkins,378-04-3892,"02433 Mitchell Ways Apt. 607
Port Alexaborough, SD 13317",Y,miles
302,James White,864-98-9632,"PSC 6675, Box 8888
APO AA 38243",N,miles
303,Gregory Shepherd,327-96-5953,"622 Janet Freeway
Cassieburgh, MA 20987",Y,hours
304,Michael Zhang,458-12-9665,"361 Gallegos Locks Suite 352
South Morgan, NV 42188",N,hours
305,Tyler Luna,881-11-4609,"5888 Johnson Lakes Apt. 838
North Elizabeth, HI 37772",N,miles
306,Eric West,596-21-7036,"PSC 6103, Box 3419
APO AP 49944",Y,hours
307,Jordan Abbott,251-98-3868,"585 Waters Bridge
West Jonathanfort, WA 58462",Y,hours
308,Jamie Stephens,475-92-6556,"0744 Welch Square Suite 569
Rogersport, WI 55680",Y,hours
309,Kathleen Marquez,759-88-1342,"411 Nathan Ranch
Davismouth, MN 78265",N,hours
310,Brenda Chase,427-27-0281,"850 Schmidt Course Suite 306
Port Michaelstad, ID 82618",Y,miles
311,Kimberly Nichols,017-17-0342,"4990 Kelley Bridge Suite 263
Port Mark, HI 37181",N,miles
312,Mr. Dennis Patrick DDS,601-62-6207,"USS Clark
FPO AA 84987",N,miles
313,Ashley Bell,378-66-1078,"25186 Johnson Station Apt. 340
Davidton, NC 36053",Y,miles
314,Kim Jones,277-95-2125,"95678 Montoya Trafficway Suite 256
Ashleychester, NE 85213",N,miles
315,Taylor Kelly,087-24-2010,"38409 Johnson Mills Apt. 006
Carolland, HI 40631",N,miles
316,Veronica Gay,568-35-4850,"04576 Camacho Mission Suite 230
Haynesbury, MA 70795",N,miles
317,Elizabeth Cruz,229-06-1162,"463 Nicholas Gardens
Lake Judithburgh, SC 01374",Y,miles
318,Jennifer Everett,303-33-0891,"10179 Katie Ridge Suite 489
Johnsonfort, NV 18925",N,hours
319,Rebecca Burgess,230-74-4225,"6924 Barbara Pines
Jamesburgh, NV 19425",N,hours
320,Kathleen Green,447-14-9999,"597 Katie Ridge Apt. 414
Ashleehaven, DE 80567",Y,hours
321,Marco Sanford,161-84-1335,"1366 Chambers Turnpike
Seanstad, AL 92231",N,miles
322,Carlos King,784-43-9216,"2840 Wayne Green Apt. 863
Sanchezmouth, WI 17533",N,miles
323,Jessica Miles,480-74-1552,"06544 Reeves Corner Suite 385
Monicaland, AL 13919",N,miles
324,Mrs. Alison Raymond,769-10-9119,"18463 Green Parkways
West Alanfort, RI 35213",Y,miles
325,Jasmine Thompson,196-50-2726,"64108 Harris Union
East Rodney, WY 91603",N,miles
326,Joe Hunter,656-88-2660,"5937 Kevin Land Apt. 526
Corymouth, HI 48264",Y,miles
327,Erik Hicks,141-64-1120,"285 Wu Light
South Samantha, ME 19572",Y,hours
328,James Peterson,293-42-6023,"82310 Janet Drive Apt. 507
Stevenside, DC 07785",N,miles
329,Nicholas Bradley,077-79-9206,"6264 Weber Parkway Suite 009
New Sharonchester, LA 66166",N,miles
330,Sara Pierce,382-80-0148,"412 Katherine Inlet Suite 195
Bradleymouth, GU 85322",Y,miles
331,Jerry Barnett,451-05-9147,"51341 Nathan Spring Suite 220
South Lisa, DE 43457",Y,hours
332,Carlos Mclaughlin,076-26-8991,"65066 Pacheco Neck Apt. 847
West Lisamouth, FM 67247",Y,miles
333,Jason Williams,452-91-0805,"6123 Harris Wall Suite 486
Ginashire, ID 26455",Y,hours
334,Kimberly Bradley MD,827-55-8692,"90244 Michael Trace Apt. 176
South Thomas, WA 68759",N,miles
335,Cody Kennedy,614-94-9170,"840 Lawrence Roads Suite 655
North Scott, MO 56023",Y,hours
336,Benjamin Pittman,023-56-4276,"2362 Townsend Wells Suite 793
North Timothymouth, CA 81150",N,miles
337,Mark Simon,429-40-7634,"USNV Meyers
FPO AP 97360",N,hours
338,Ryan Ramos,244-90-8918,"7417 Hall Pass
New Alexis, WI 73335",Y,hours
339,Janet Berger,248-17-5010,"5292 Donovan Terrace
Martinland, WA 11251",N,miles
340,April Nolan,897-78-5716,"350 Ryan Plains Apt. 590
Lake Geoffreyfort, VA 70472",N,hours
341,Brandon Allen,267-56-9722,"691 Laura Lakes
Port Alexisbury, MA 24780",Y,hours
342,Laura Price,117-65-9059,"6196 Mcbride Dale Apt. 578
Janeview, RI 64628",Y,miles
343,Amber Lopez,083-71-6452,"23369 Hernandez Fork
Petersonshire, RI 43862",N,hours
344,Karen Mendez,007-42-1982,"USNV Archer
FPO AA 09141",Y,hours
345,Johnny Swanson,691-22-4837,"PSC 5886, Box 6470
APO AP 69336",N,hours
346,Diane Gonzalez,487-41-2551,"84199 Shane Square
Willisfort, IN 79073",N,hours
347,Frederick Robinson,360-44-1036,"4022 Patricia Canyon Suite 230
North Eduardo, IA 54994",N,hours
348,Natasha Wilson,446-92-1695,"61696 David Groves
Thomasburgh, FM 68526",N,hours
349,Joseph Thomas,537-93-9759,"7077 Melinda Divide Apt. 994
West Ronald, CA 18135",N,miles
350,Derek Wood,251-50-0456,"00592 Peters Cliff Apt. 448
Williamfort, NM 76780",Y,hours
351,Nicole Anthony,611-99-8652,"78085 Craig Garden
North Charlesfurt, DE 15772",N,miles
352,Erik Malone,330-52-3023,"54040 Joy Via Suite 765
Nguyenfort, MT 19223",Y,hours
353,Jennifer Wood,745-41-7541,"1746 Edwards Orchard
New Tonyaville, KS 51622",Y,miles
354,Christopher Ortiz,743-20-7756,"Unit 8175 Box 0046
DPO AP 71101",N,miles
355,Todd Ingram,797-87-2594,"70461 Amanda Station
West Angela, NH 06848",Y,hours
356,Miguel Taylor,394-51-0696,"USNV Gibson
FPO AA 70272",Y,miles
357,Dennis Wilkinson,021-68-2446,"547 Griffin Parkway Suite 019
Jensenport, OH 74641",N,miles
358,Olivia Waters,696-89-9814,"7230 Michael Place
New Tracyfort, HI 34527",Y,miles
359,Deborah Harper,148-04-7376,"PSC 1750, Box 9954
APO AE 72020",Y,miles
360,Stephen Fletcher,757-24-3707,"32457 Leah Land Suite 976
Willisfort, NV 54200",Y,hours
361,Ricky Flores,262-93-3669,"57104 Leblanc Garden Suite 319
West Kimberly, NE 28018",Y,miles
362,Brenda Hill,746-95-4823,"96732 Michael Ville
Santiagoside, NY 06997",N,miles
363,Damon Stark,319-01-0973,"15418 Smith Spring Suite 080
Kanebury, MH 29394",Y,miles
364,Christine Jackson,252-60-6658,"293 Justin Common
Bellberg, VT 42768",Y,hours
365,Benjamin Kerr,873-12-5020,"98405 George Underpass
Port Michaelport, OH 47264",Y,hours
366,Michael Macias,169-75-8789,"PSC 2155, Box 4837
APO AA 48621",N,hours
367,Pamela Butler,547-04-0165,"3960 Carr Corner Apt. 135
New Thomas, RI 33866",N,miles
368,John Jordan,515-25-4354,"5095 Pamela Dam
Cherrymouth, NC 38108",N,miles
369,David Johnson,765-83-8344,"002 Sullivan Point
Port Jillianton, KS 72986",N,miles
370,Charles Ramirez,362-63-9572,"8089 Rachel Way
West Samuel, GA 02884",Y,hours
371,Courtney Haynes,494-30-8949,"7021 Reid Ways
Robersonmouth, NC 55585",Y,hours
372,Nancy Taylor,010-98-8031,"339 Mack Way
Alexandermouth, ME 12312",Y,hours
373,Jason White,867-54-3352,"85853 Shannon Trail Apt. 967
Benjaminland, WA 67418",N,hours
374,Gary Taylor,349-97-2335,"Unit 5368 Box 2053
DPO AA 59758",Y,hours
375,Alexander Baker,677-44-7112,"05831 Christopher Fork
Sharonside, TX 93906",N,hours
376,Stephen Johnson,026-50-5619,"PSC 0902, Box 9306
APO AA 80175",Y,hours
377,Mckenzie Owens,783-96-5082,"953 Matthew Canyon Suite 130
Port Joshuafurt, KS 79243",N,miles
378,Joann Martin,899-93-1642,"81114 Kyle Island
North Daniel, LA 70126",N,miles
379,Dr. David Ross,239-55-8499,"323 Lisa Rapid Apt. 614
South Heidi, AK 19863",Y,hours
380,Dylan Velazquez,846-44-5079,"53984 Villarreal Square
Everettport, VA 85869",N,miles
381,Samuel Miller,590-17-4499,"52963 Michelle Pines
Rileyborough, ME 58360",Y,miles
382,Richard Martinez,208-97-9624,"242 Cynthia Passage Apt. 271
New Brandon, UT 91527",Y,hours
383,Frank Rodriguez,401-24-2004,"1213 Benjamin Gardens
Davismouth, MP 35328",Y,miles
384,Megan Reyes,402-33-1609,"15097 Ashley Spring Apt. 747
North Larry, NC 15466",N,hours
385,Christine Smith,454-87-7098,"24225 Jonathan Inlet Apt. 614
West Jenna, IA 54361",Y,hours
386,Kristin Arnold,621-13-9287,"7158 Krause Stream
Hollandshire, MI 08880",Y,hours
387,Carrie Hale,573-51-8450,"128 Woodward Manors
South Paulashire, TN 08554",Y,hours
388,Diana Lee,273-33-3666,"4421 Palmer Falls
East Robert, MN 81029",Y,hours
389,Tara Paul,198-33-7831,"469 Charlene Fall Apt. 045
Richardfort, ME 40131",N,hours
390,Diane Nguyen,503-30-0057,"378 Foster Mountains Apt. 253
New Leonard, LA 18005",N,hours
391,George Brown,140-88-5951,"4170 Susan Plaza
North Jessica, AL 33781",Y,miles
392,Sherry Keller,014-01-1206,"99695 Robert Unions Suite 693
West Michaelland, MI 78440",N,miles
393,Margaret Martin,618-57-9046,"6145 Christopher Mall Suite 135
North Allison, IN 10698",Y,miles
394,Leslie Lopez,579-52-1608,"578 Todd Crescent
Jamesburgh, MS 27606",N,hours
395,Richard Cummings,222-41-5521,"47172 Holmes Dam
Wilsonville, TX 17669",N,hours
396,Heidi Mcgee,473-19-6618,"9023 Laura Street Suite 133
Shirleyhaven, NY 33522",Y,miles
397,Natalie Grant,184-48-4185,"776 Mark Cliff
Petersshire, WI 26802",N,hours
398,David Lane,806-95-3353,"0775 Drew Points
Cherylshire, AR 14884",Y,hours
399,Jason Hardy,354-47-0441,"534 Kerri Tunnel Apt. 248
East Jennifer, AR 68819",Y,miles
400,Matthew Sellers,245-21-4980,"08964 James Ferry Apt. 348
Jenniferberg, FM 56337",N,miles
401,Brett Medina,129-91-3328,"8663 Day Walk Suite 445
West Wendy, RI 78733",Y,miles
402,Kaitlyn Obrien,527-50-8415,"5080 Ralph Cove
Lake Maria, AS 24810",N,hours
403,Bryce Davis,366-51-6464,"PSC 4367, Box 3184
APO AE 45476",N,miles
404,Daniel Walker,722-26-3312,"2725 Diana Coves Suite 329
Mitchellmouth, KY 19477",Y,hours
405,Gloria Johnson,785-10-4165,"695 Janice Plain
West Bryanport, TX 29498",N,hours
406,Nicholas Castaneda,069-64-7263,"90802 Theresa Brook
South Stephanie, GU 06826",Y,hours
407,Timothy Stewart,597-82-8595,"0227 Hart Lock
North Williamfurt, LA 05250",Y,hours
408,Michael Horne,068-05-7254,"6521 Romero Drive
East Jenny, PR 61223",N,hours
409,Sabrina Roberts,898-46-7980,"16880 Brianna Rapid
Daniellestad, NC 69335",Y,miles
410,Allen Brooks,704-78-5985,"5757 Jonathan Skyway Apt. 553
New Jerome, TX 34537",Y,hours
411,Dr. James Sullivan Jr.,804-69-6007,"5797 Williams Island Apt. 392
New Amyside, ND 32661",Y,hours
412,Adam Watson,376-91-8321,"5827 Bridget Common
Jacobsonbury, CO 31095",N,miles
413,Jesse Graham,754-27-6563,"201 Steven Burg
South Emilyshire, HI 17377",Y,miles
414,Amanda Phillips,498-76-4798,"PSC 7579, Box 3349
APO AE 13276",N,hours
415,Donald Reid,488-84-7091,"720 Brooks Radial Suite 555
North Richard, NM 03347",N,hours
416,Phillip Kennedy,385-36-4041,"PSC 1820, Box 7627
APO AE 21284",N,hours
417,Christopher Mack,096-99-9004,"4999 Zamora Summit
Lake Renee, PW 91139",N,hours
418,Eric Davis,789-20-9699,"4815 Phillips Extension
Port Willieview, WY 68725",N,miles
419,Lisa Smith,594-65-2389,"47710 Angela Forest
East Joseph, IL 91808",N,hours
420,Anna Galvan,165-57-3531,"9427 Burnett Underpass
Mileshaven, WI 01123",N,miles
421,Michael Smith,014-67-2569,"860 Rivers Trafficway Apt. 148
Emilyside, MI 14690",Y,hours
422,Angela Young,705-61-8546,"2621 Nathaniel Shores
Kennethfort, OH 65231",N,miles
423,Nicole Sanchez,242-52-9399,"USCGC Berry
FPO AE 78404",Y,hours
424,Anna Garza,898-67-6415,"732 Scott Knoll
Estradaville, WY 95542",N,hours
425,Stuart Campbell,707-70-9346,"7932 Garner Terrace Suite 328
Danielchester, NV 80349",N,hours
426,Elizabeth Gutierrez,813-49-3563,"283 Scott Heights Suite 852
Port Brentchester, AR 39553",Y,hours
427,Mr. Scott Simpson DDS,894-67-3458,"86830 Christine Course Suite 813
Lake Leslie, FM 22603",N,hours
428,Karen Olson PhD,574-69-1463,"799 Hannah Shores
Suzannebury, GU 96242",Y,miles
429,Thomas Beck,371-72-3161,"5972 Jimmy Estates Apt. 360
West Joanneside, KY 03818",N,miles
430,Courtney Hunt,843-62-3279,"769 Matthew Ferry Suite 782
Port Misty, AR 10515",Y,hours
431,Andrew Lynch,414-98-3005,"41549 Tammy Unions Suite 975
East Keith, MO 79460",N,hours
432,John Koch,485-12-1019,"365 Steve Plain
Port Daniel, IL 53259",N,miles
433,David Livingston,223-60-1675,"8917 George Hollow
Smithside, GU 41365",N,hours
434,James Fletcher,160-62-8089,"872 Nash Pines Apt. 660
Lisaville, KS 06807",Y,hours
435,Alejandro Thomas,255-61-7841,"85283 Ryan Plains
New Jasminemouth, UT 46808",N,miles
436,Glenda Gibson,527-47-7453,"6288 Blackwell Motorway Apt. 634
Michaelberg, ME 64859",Y,miles
437,Mary Curtis,439-36-0920,"8190 Kelly Cliff
North Dennis, CT 10146",Y,hours
438,Mrs. Laura Allen MD,179-63-9960,"0278 Rogers Locks
Jenkinsstad, ME 27146",Y,hours
439,Kimberly Burke DVM,002-19-7012,"274 Veronica Way Apt. 924
North Stevenburgh, PW 38252",Y,miles
440,Brian Anthony,009-30-0617,"745 Hayes Branch
North Tristanhaven, SC 84200",N,miles
441,Patrick Garcia,795-62-0936,"07926 Dean Fields
Sanchezborough, KY 24877",Y,hours
442,Adam Hughes,135-13-1759,"1979 Nicholas Unions
Joshuaberg, MN 86816",N,hours
443,Natalie Thomas,090-90-0015,"89462 Hardin Skyway Apt. 226
Ruizmouth, PR 19335",Y,hours
444,Carla Berry,767-45-0624,"PSC 6939, Box 5694
APO AE 58946",N,miles
445,Angel Martin,838-08-7968,"Unit 2074 Box 2085
DPO AP 28292",N,hours
446,Emily Greene,128-10-3384,"22618 Joseph Ports Suite 153
Armstrongside, MD 98031",N,miles
447,Christina Young,841-45-3111,"376 Nicholas Extension Suite 475
West Andresport, VI 79424",N,hours
448,Kelly Acevedo,049-14-3367,"67817 Mark Mountain
North Matthewville, TX 96061",Y,hours
449,Sara Wells,158-36-9581,"70846 Anthony Creek Suite 810
West Tyler, MD 84000",Y,hours
450,Jennifer Gould,135-48-5293,"03739 Micheal Plains Suite 487
Port Leahview, MH 52558",Y,miles
451,David Gonzalez,772-97-9365,"97442 Monroe Ways
Figueroafurt, ND 29480",Y,miles
452,Anthony Joseph,265-12-5677,"Unit 7464 Box 9055
DPO AP 85483",Y,hours
453,Jesse Thompson,899-80-3658,"9215 Catherine Squares Suite 896
East Brendaport, MS 13583",Y,hours
454,Stephanie Davis,815-10-3588,"217 Lynn Center Suite 031
North Angela, TX 69390",Y,miles
455,Russell Rose,810-64-9933,"32943 Steven Fork
New Jessicaport, MT 89512",N,miles
456,Yvonne Moreno,518-51-2820,"244 Janice Dam Apt. 337
Lake Eric, TN 69779",N,miles
457,Michael Estes,348-40-2463,"75627 Adams Passage
Garrettberg, AK 15591",N,miles
458,Mary Stewart,379-87-4216,"Unit 3098 Box 9179
DPO AA 48460",Y,hours
459,Janice Robinson,779-04-4627,"3303 Huang Cove Suite 238
New Adrian, UT 69114",N,miles
460,Sarah Gonzalez,853-43-1042,"2688 Matthew Radial Suite 088
New Albertmouth, NM 85885",Y,hours
461,Frances Hughes,616-26-9612,"05997 Sanders Radial Suite 888
Michellechester, MI 80971",N,hours
462,Madison Swanson,715-11-8387,"17369 Perez Shores
Michelleborough, CA 65616",Y,hours
463,Tom Solomon,358-85-8085,"83825 Myers Islands Suite 554
Port Scott, MS 50338",N,hours
464,Eric Hernandez,695-76-6453,"9914 Chase Forks Apt. 906
West Stacy, TN 89249",N,miles
465,James Cohen,483-15-4446,"5046 Holly Island Apt. 974
Conniechester, DC 27532",Y,miles
466,Michelle Allen,626-25-3139,"3205 Michelle Pine
East Laurenstad, PW 17976",Y,hours
467,Aaron Brooks,337-31-7108,"556 Albert Cape Apt. 795
Eduardoside, NV 91238",Y,hours
468,Stephanie Morales,706-01-8910,"5349 Darryl Falls
Myersmouth, IA 07430",N,hours
469,Kim Jones,126-80-7680,"3908 Turner Harbor
Port Scott, RI 38157",N,miles
470,Marie Kelly,599-68-6163,"17235 Emily Way
Port Jenniferberg, IN 58657",N,miles
471,Amber Ryan,153-71-1400,"Unit 2419 Box 3850
DPO AA 79013",Y,hours
472,Katelyn Savage,030-39-0781,"48301 White Grove
Charlottemouth, LA 05278",Y,miles
473,Tara Lopez,548-13-1669,"2879 Cynthia Causeway Suite 110
South Steven, FM 38854",Y,hours
474,Jared Walker,361-15-9875,"2449 Randall Plain
Port Nicole, KY 24017",N,hours
475,David Francis,776-89-3689,"65416 Blankenship Road
East Tanya, MH 73508",Y,miles
476,Meghan Henderson,598-28-3856,"1022 Emily Isle Suite 826
East Caseychester, KS 63345",N,miles
477,Jeffrey Conrad,140-99-3515,"542 Lewis Burg
Jasonberg, OH 34311",N,hours
478,Shannon Garner,088-97-2102,"4755 Theresa Falls Apt. 299
North Janice, ND 19860",N,hours
479,Edward Martinez,356-91-5607,"93853 Katelyn Fords
New Dalton, SD 69187",N,miles
480,Randy Carter,849-55-8039,"8164 Rodriguez Bypass Suite 741
Elizabethtown, TN 72843",Y,hours
481,Christopher Simmons Jr.,108-72-3643,"863 Glenn Freeway Apt. 283
South Amandahaven, NY 20766",Y,hours
482,Ian Pierce,641-63-3715,"443 Moore Hills Apt. 676
Lake Veronicamouth, ME 22942",Y,hours
483,Eric Pope,270-54-8989,"PSC 0446, Box 5860
APO AA 46445",N,miles
484,Tracy Zamora,009-57-0625,"9963 Sullivan Lane
Michellemouth, DC 72723",Y,hours
485,James Nichols,410-70-7332,"34191 Vargas Lodge
West Kelly, NY 17106",Y,hours
486,Paul Anderson,413-63-3232,"9960 Robert Plain Apt. 734
Toddborough, OR 79173",N,miles
487,Paul Sullivan,468-84-0693,"36728 Johnson Road
Richardhaven, MP 57717",Y,hours
488,Rachel Warren,060-30-3613,"42884 Kelly Villages Apt. 555
Dyerview, HI 32516",Y,hours
489,Victoria Adams,002-71-8207,"4933 Sparks Pike Suite 218
Lake Felicia, VA 41823",Y,hours
490,Lisa Lyons,098-34-1379,"321 Catherine Meadow
New Lisabury, IA 42961",N,hours
491,Jonathan Page,617-28-3929,"15938 Katherine Harbor Suite 520
Lake Billfurt, OR 39477",N,miles
492,Jonathan Santiago,535-19-6130,"0635 Patterson Walk
New Amanda, MH 05182",N,miles
493,Charles Duran,339-79-2211,"6959 Barbara Mews
Davischester, ID 27937",N,hours
494,Jacqueline Arnold,130-49-5149,"04631 Cantu Isle Apt. 108
East Darius, OR 51651",Y,hours
495,Robert Walker,860-74-9860,"801 Yesenia Locks Apt. 481
Johnville, SC 24786",N,hours
496,Joshua Ruiz,818-65-6562,"0580 Wiley Knolls
Tracyborough, OR 77575",N,miles
497,Pamela Vega,527-28-0748,"15155 Thomas Brooks Apt. 147
New Patriciafurt, RI 30163",N,miles
498,Jamie Simmons,840-79-2961,"641 Webb Underpass
East Gregoryfort, WV 71057",N,hours
499,James Blair,026-51-0257,"4304 Gloria Stravenue Suite 327
Lake Heatherton, MO 13965",Y,hours
500,Alexis Hendricks,101-93-6429,"647 Gilbert Coves Apt. 114
New Charles, HI 59525",Y,miles
501,Erika Barnett,221-47-5901,"41612 Weaver Cliffs Apt. 079
South Marytown, ME 31473",N,hours
502,Nicholas Mejia,344-09-3709,"605 Johnson Plain
New Mark, MN 22063",Y,hours
503,Jason Stokes,387-24-6133,"25276 Cooper Mill
New Jenniferville, VT 78099",Y,miles
504,Brian Smith,807-11-2623,"94739 Beth Curve Apt. 911
Port Maria, SD 24783",Y,miles
505,Alan Collins,788-67-3522,"61681 Davis Road
Taylorbury, NJ 01486",Y,hours
506,Jake Shelton,703-21-9940,"5254 Maureen Knolls
Johnsonbury, MS 52833",Y,miles
507,Patricia Baker,729-98-1453,"78108 Anne Passage Apt. 460
South Kenneth, NE 09798",N,miles
508,Dean White,473-01-2415,"41069 Raymond Islands Apt. 810
Jasonchester, SD 34567",Y,hours
509,Jeffrey White,863-82-5802,"82307 Douglas Stravenue Apt. 538
Lake Brandonton, WI 30090",N,miles
510,Leonard Williams,884-66-6877,"528 Debra Overpass
West Amandaton, AS 67427",N,hours
511,Jonathan Larson,027-01-5233,"962 Joshua Manor
North Michael, NH 34687",Y,hours
512,Thomas Faulkner,454-94-4245,"USNV Jordan
FPO AP 18608",N,miles
513,Greg Chase,245-15-7819,"647 Stone Station
Charlesburgh, NH 61369",Y,miles
514,Cynthia Doyle,035-63-2711,"3464 Mitchell Village
New Autumn, OH 15004",Y,miles
515,Maria Benson,736-43-9858,"08717 Brown Crescent
Lake Matthew, VI 91001",Y,hours
516,David Martinez,649-23-8814,"996 Jasmine Station Apt. 733
East Rebekah, AK 33283",N,miles
517,Annette Landry,139-09-1126,"7851 Matthew Creek
Lake Scott, UT 39757",N,miles
518,Brittany Garcia,220-84-5344,"770 Wade Lock
Hahnview, NV 50659",N,hours
519,Laura Anderson,325-37-2475,"679 Hancock Forest
Jonesmouth, OH 74573",Y,hours
520,Albert Brown,584-31-6725,"99061 Dickerson Stream
East Kevinfurt, GU 89749",N,hours
521,Misty Campbell,145-15-4474,"28023 Davis Avenue Suite 456
Jerryport, VT 15518",N,miles
522,Leslie Snyder,662-87-5351,"5665 Simpson Camp
North Wendy, PA 26203",Y,hours
523,Cynthia Anderson,439-09-0361,"0136 Huffman Mountain Suite 385
Port Aaronstad, KS 28139",Y,hours
524,Kyle Mccoy,459-05-7225,"418 Jeffrey Ville
East Johnborough, NE 33348",Y,miles
525,Devon Payne,051-39-8592,"74320 Brewer Path
West Joshuatown, IN 73072",N,miles
526,Shawn Harris,509-88-7283,"92082 Daniel Rapids
Ashleyview, LA 65846",N,hours
527,Stephanie Jones,042-33-2303,"508 Stein Square Suite 642
Parkershire, PA 64684",N,hours
528,John Roberts DDS,397-40-9937,"3077 Martin Pine Suite 285
South Tracyhaven, NV 42244",N,hours
529,William Sharp,314-31-3431,"9751 Drew Stream Apt. 518
Woodburgh, OK 15220",N,miles
530,Alejandro Estrada,421-70-7077,"61376 Erickson Corners
Lake Michellefort, CO 22210",Y,miles
531,Shelia Arellano,886-55-2536,"7697 Frank Lock Apt. 111
East Keith, DE 97724",N,miles
532,Jacqueline Saunders,817-81-0439,"438 James Plains Suite 663
Loganfort, NE 85695",Y,hours
533,Deborah Evans,617-85-8539,"6302 Brian Avenue Suite 554
Adrianstad, AK 27177",N,miles
534,Antonio Webb DVM,601-83-8020,"51075 Chapman Coves
East Jacobville, WY 78736",Y,miles
535,Frank Bond,148-27-2771,"PSC 0109, Box 0778
APO AA 70645",Y,hours
536,Joe Williams,760-72-5834,"504 Deborah Flats
Castillomouth, PR 57241",Y,miles
537,Dana Hines,358-94-9394,"4731 Kirk Viaduct
West Aaronfort, CA 63883",Y,miles
538,Thomas Ford,658-42-2281,"PSC 0283, Box 0174
APO AA 91479",N,miles
539,Seth Leon,597-59-4573,"05154 Susan Radial Apt. 090
Russellton, LA 67299",Y,hours
540,Anna Stout,757-47-0891,"USNV Johnson
FPO AE 86181",N,miles
541,Tyler Maldonado,128-66-0844,"15448 Joshua Trail
New Debra, OR 41041",Y,miles
542,Patrick Duncan,615-90-1440,"PSC 7158, Box 2868
APO AA 69338",N,hours
543,John Reid,082-40-8114,"5169 Christine Summit Apt. 069
Saraview, CO 13994",Y,miles
544,Diane Jenkins,266-90-8913,"553 Calhoun Glens Suite 355
East Vicki, IL 56319",Y,hours
545,Randall Olson,808-74-7752,"3010 Charles Plaza
North Marychester, MS 55274",N,hours
546,Elizabeth Bryant,083-56-7426,"8799 Horton Bypass
South Kevin, KY 77615",Y,miles
547,David Perkins,018-61-4442,"4283 Copeland Harbors Suite 780
Lake Ianburgh, NV 62359",Y,hours
548,Dr. Nicole Maddox,612-08-4477,"52083 Anderson Springs Apt. 955
Port Ryan, VI 67298",N,hours
549,Marie Bishop,691-79-8193,"7044 Nichole Inlet
East Morganshire, AS 16014",Y,miles
550,Michael Roman,584-59-1042,"21600 Luna Brook
Gutierrezfort, NY 34548",N,hours
551,Carrie Armstrong,626-96-6900,"3993 Roach Estates Suite 166
Taylorfort, NY 48537",Y,miles
552,Jennifer Avila,859-38-2635,"4134 Velazquez Fort
Pittsfort, WA 49012",Y,miles
553,Brian Williams,342-66-8014,"86100 Trujillo Flats
New Sandraville, OH 71370",N,hours
554,Chad Morgan,816-73-2088,"299 Gibson Ranch
Samanthaton, ND 77425",Y,hours
555,Jacob Dennis,789-18-8644,"3834 Keith Mount Apt. 693
Lisabury, PA 44322",N,hours
556,Sarah Henderson,780-02-9045,"582 Elizabeth Summit Apt. 833
Ashleyton, KY 35109",Y,hours
557,Lisa Richard,427-36-5180,"07537 Coleman Key
East Laurenside, IA 21009",Y,miles
558,Carla Eaton,840-02-5774,"97626 Smith Union
New Karen, VT 17537",Y,miles
559,Gabriel Little,742-22-9510,"1076 Kathryn Prairie Suite 901
Ryanberg, ND 86233",Y,miles
560,Matthew Alexander,176-04-1943,"Unit 3878 Box 4769
DPO AP 46726",Y,hours
561,Melissa Tran,004-20-8555,"7326 Eric Hills
Nathanielport, NH 76075",N,hours
562,Alexandria Perez,252-37-9911,"PSC 0281, Box 5118
APO AA 50785",Y,miles
563,Kenneth Reed,600-84-8431,"0146 Thomas Well Apt. 352
East Patricia, MO 76547",N,hours
564,Natalie Wallace,271-42-2862,"035 Benjamin Mill Suite 612
Lisamouth, WY 61592",Y,hours
565,Peter Peterson,731-97-5712,"27122 Page Mission
North Williamside, FL 06836",Y,miles
566,Linda Mitchell,654-16-9415,"430 Carla Locks Suite 378
Jimmyview, IL 02647",N,miles
567,Tricia Mathis,232-03-8192,"56619 Perkins Plains
East Ashley, WV 55125",Y,hours
568,Rachel Burns,046-83-8162,"886 Wilson Tunnel
Florestown, LA 01949",N,hours
569,Jeremy Patel,147-08-4073,"53283 Vazquez Shoals Apt. 590
Mariahbury, PR 56438",Y,hours
570,Darrell Perkins,615-79-0981,"55435 Foster Parkway
East Amyburgh, MA 55460",Y,miles
571,James Logan,157-46-8585,"833 Robert Lights
East Yolanda, ME 23126",Y,miles
572,Brandon Nelson,698-96-9822,"8929 Danielle Canyon Apt. 377
West Derricktown, CT 76650",Y,hours
573,Marie Foster,016-49-3706,"12971 Lisa Valley
Melissahaven, NM 73606",N,miles
574,Linda Hall,101-66-5567,"99841 Gina Stream
North Georgeborough, MO 01276",Y,hours
575,Michelle Duarte,414-89-4010,"900 Debbie Walk Suite 222
Port Dawnborough, AL 28518",N,hours
576,Lauren Romero,270-33-5942,"623 Luis Port
Cabreraland, WY 90295",Y,hours
577,Mark Nguyen,450-35-9418,"1668 Franco Brooks
Huangside, PR 60057",Y,miles
578,Juan Castro,369-29-0967,"193 Prince Estate Apt. 175
New Michael, ME 18130",Y,miles
579,Joanna Williams,056-20-9608,"1855 Carolyn Forks Suite 419
Pamelamouth, AK 23418",Y,hours
580,Kent Hughes,620-61-4417,"975 Pollard Terrace Apt. 082
North John, DC 21045",N,hours
581,Joel Wade,869-83-6409,"24638 Alexander Corners
Patrickborough, MS 65895",N,hours
582,Tamara Ayala,847-83-9024,"9216 Reynolds Course Apt. 687
Angelafurt, WI 50319",N,hours
583,Sandra Davis,105-04-8962,"18473 Debra Track Suite 997
Kimberlymouth, OR 59496",N,miles
584,Faith Ward,217-70-2731,"6011 Emma Ridge Apt. 601
Rachelville, OR 01056",Y,miles
585,Rachel Deleon,867-52-4338,"87670 Clay Curve Apt. 104
Deannashire, TX 61431",N,hours
586,Linda Black,466-85-2256,"6890 Jason Drives Suite 577
Martinmouth, GA 64420",Y,miles
587,Ashley Matthews,588-63-6645,"8999 Bernard Land
North Courtney, NH 03473",N,hours
588,Daniel Bennett,715-69-1121,"4763 Rose Crossing
Zunigafurt, AR 43077",Y,miles
589,Martha Myers,251-95-9323,"06674 Jennifer Tunnel Apt. 277
Comptonview, AL 15855",N,miles
590,Sharon Stephenson,837-38-0893,"09086 Simmons Villages
Cooperside, TN 11728",N,miles
591,Tanya Coleman,322-92-5190,"641 Walter Plain
Schultzhaven, PA 29160",Y,hours
592,Robert Robinson,033-04-7605,"70312 Orozco Estates Apt. 949
Smithfurt, CO 62361",Y,hours
593,Teresa Mckenzie,131-66-6715,"PSC 0820, Box 3054
APO AA 68515",N,hours
594,Emma Dyer,878-08-5796,"6094 Zimmerman Plains Apt. 142
South Kimberlyview, SD 22794",N,hours
595,Diane French MD,577-71-8836,"2200 Curry Plaza
Lindamouth, HI 09154",N,miles
596,Angelica Hayes,409-45-3397,"PSC 0196, Box 0595
APO AA 67620",N,hours
597,Michael Santos,449-39-6978,"2384 Wilson Parkways
East Lisa, WY 03031",N,miles
598,Maria Warner,321-77-4910,"7262 Raven Extension Suite 586
New Timothyfurt, IN 57277",N,miles
599,Emily Smith,743-07-7920,"189 Davis Mill Suite 853
Jasonville, AS 64167",N,hours
600,Tyler Sandoval,377-97-5981,"2587 Amanda Squares
East Johnborough, MD 98217",N,miles
601,Michael Leon,327-80-5451,"478 Cowan Ramp
Berryfurt, MI 90777",Y,miles
602,Gregory Mccormick,045-27-4745,"475 Boyle View
Lauramouth, NC 41670",Y,miles
603,Ann Monroe,884-65-7099,"40064 Joseph Springs Suite 066
New Tara, MO 65814",Y,hours
604,Amanda Day,276-73-1811,"PSC 5639, Box 5479
APO AE 53365",Y,miles
605,Jason Diaz,791-39-1286,"734 Katelyn Mission Suite 769
Port Dana, UT 40155",Y,miles
606,Nicole Leon,293-11-5792,"204 Shepherd Viaduct
Nathanfort, ND 43841",Y,hours
607,Angelica Jones,645-81-7530,"1394 Medina Knolls
Lake Nancy, AL 68362",Y,miles
608,Jeffrey Snyder,572-89-3448,"34666 Regina Island
Matthewton, NE 94076",Y,hours
609,Tina Jenkins,364-71-2852,"USNV Williams
FPO AA 51538",Y,miles
610,Katherine Tapia,404-91-6812,"57871 Johnson Parkway
Chadhaven, NH 30370",N,hours
611,Ryan Gates,420-33-1570,"38977 Evans Key
New Kimberly, AL 93826",Y,miles
612,Jennifer Mitchell,534-66-8952,"34789 Murphy Trace Apt. 912
Thomasmouth, DE 98172",N,hours
613,Amy Smith,664-55-8613,"3303 Sherry Rapids
West Destiny, UT 92651",N,miles
614,Michael Miller,221-44-9135,"66073 Lauren Run Apt. 042
Brownton, MH 20706",Y,hours
615,Benjamin Knapp,640-27-0002,"2055 Weaver Crossing Suite 482
Vincenthaven, SC 42432",N,miles
616,Jennifer Wilson,336-40-4913,"60550 Meyer Plains
Gardnerland, VT 75588",Y,miles
617,Jessica Reed,346-44-4014,"5775 Rivera Mill
Lauraberg, OK 96431",Y,hours
618,Joshua Miller,623-83-1574,"981 Fernandez Via Apt. 213
North Scott, IN 99932",Y,miles
619,Jody Gomez,777-47-4809,"1103 Reed Junctions Suite 424
Cooperberg, CA 44394",N,hours
620,Daniel Robinson,793-32-9123,"13025 Torres Coves Apt. 107
Clarkland, GA 95692",Y,miles
621,Erin Maldonado,450-42-0309,"09184 Christopher Isle Apt. 533
Evansbury, RI 12451",N,miles
622,Sergio Cox,064-33-4548,"Unit 3892 Box 5606
DPO AE 83169",N,hours
623,Donald Wong,106-02-2409,"0191 Fernandez Corners Suite 814
South Alexandria, MA 79266",N,miles
624,Ronnie Walsh,667-84-4584,"0564 Michael Underpass
Lake Benjamin, KS 88763",N,miles
625,Julie Carrillo,601-35-3778,"6763 Sharon Gardens Suite 497
West Patriciamouth, IA 05898",N,hours
626,John Vaughn,712-55-1451,"53346 Christine Mountain Apt. 446
New Wendy, WI 56457",Y,miles
627,Christian Lang,812-16-6562,"868 Yvonne Lane Suite 421
South Craigburgh, OH 86525",N,hours
628,Elaine Parker,096-97-9821,"795 Willis Spurs
North Marieview, NJ 46466",N,hours
629,David Santana,823-10-2210,"496 Christian View
Pennychester, PR 87914",Y,hours
630,Monica Mccall,331-99-3363,"697 Riley Viaduct Apt. 161
Davischester, MO 27765",N,hours
631,Alex Gibbs,415-50-8258,"636 Randy Walk
South David, SC 02686",N,miles
632,Tommy Moore,880-53-8457,"57668 Hart Stravenue Apt. 065
Brandonton, VI 93194",Y,hours
633,Lisa May,775-49-6921,"PSC 5299, Box 5124
APO AA 80661",Y,miles
634,Jennifer Smith,326-01-6486,"10814 Dixon Course Apt. 336
Catherineland, MD 96768",Y,miles
635,Heather Williams,201-05-7413,"4906 Mcdaniel Trail Apt. 678
West Tony, NY 87450",N,hours
636,Joshua Lopez,088-85-9342,"3335 Ramirez Point
North Jessica, DC 13781",Y,hours
637,Kimberly Boyle,751-52-9111,"40880 Diaz Square Suite 043
Kelleychester, NH 58148",Y,miles
638,Terri Brown,640-28-6320,"0462 Brandon Meadow
Port Hayden, GA 42911",N,miles
639,Vanessa Gibson,641-19-0565,"7584 Emily Mills
Brandonburgh, OK 21520",N,hours
640,Richard Young,765-83-3390,"49506 Silva Inlet
East Davidstad, OR 63897",N,miles
641,Jacob Wilson,701-49-4332,"86108 Michael Vista Suite 996
Lisatown, WV 60952",Y,hours
642,Steven Mitchell,226-64-2027,"899 Carl Crossroad
South Debra, IL 85090",N,hours
643,Tracy Wilson,227-86-7611,"162 Lopez Point
East Miguelfurt, NV 72772",Y,hours
644,Jeff Waters,379-74-8229,"28954 Ford Mill
Lake Patricialand, WA 66508",N,miles
645,Brandon King,343-43-2912,"5673 Christina Place Apt. 244
Port Derek, CO 20215",Y,hours
646,Theresa Chandler,751-47-4669,"6065 Wise Pine Apt. 521
Hicksside, IA 75695",Y,miles
647,Jeffrey Hudson,122-66-7364,"768 Hogan Junctions Apt. 795
New Anthony, LA 67556",N,hours
648,Christian Brooks,458-38-7940,"50602 Alexander Locks
North Darrellburgh, NM 19445",Y,hours
649,Gary Gonzalez,565-17-4740,"Unit 2271 Box 0146
DPO AP 04333",N,hours
650,Mr. Chad Powers Jr.,793-97-4356,"545 John Via
Peterville, IL 51493",N,hours
651,Mariah Barajas,074-65-1018,"268 Richard Village
Pooletown, NH 84999",N,miles
652,Cory Cisneros,377-46-7685,"72856 Miller Port Suite 514
South Marcus, PW 02638",N,hours
653,Tiffany Waters,808-32-8111,"457 Obrien Ville
East Sabrina, ME 80628",Y,miles
654,Jeremy Hunter,677-19-0324,"256 Rose Locks Suite 203
West Benjaminberg, MH 42754",Y,miles
655,Sarah Scott,349-63-8993,"129 Bowman Forks Suite 547
Hillmouth, MT 48855",Y,miles
656,Chelsea Terry,565-98-2013,"9573 Cook Groves
Marvinborough, KY 58158",Y,miles
657,Scott Martinez,164-88-8031,"6523 Wilkerson Loop Suite 428
South Anthonyview, SC 67270",N,miles
658,Jill Cordova,387-70-8456,"7945 Ayala Bypass Apt. 632
Port Vanessa, NE 12217",Y,hours
659,Megan Sharp,818-42-9455,"3338 Riggs Orchard Suite 020
Jimenezland, WI 77854",Y,miles
660,Jessica King,824-26-3683,"644 Wright Dam Suite 415
Port Mary, MD 67853",Y,hours
661,Jessica Hood,006-03-2332,"58833 Herrera Brooks
Lake Roberthaven, OK 20459",Y,miles
662,Jeffrey Strickland,197-61-8626,"708 Douglas Prairie Apt. 624
New Rachel, SD 92874",Y,hours
663,Jacob Perez,875-64-6914,"35442 Lorraine Glen Suite 811
Michaelhaven, CA 63864",Y,miles
664,Michele Munoz,816-85-4276,"7589 Singleton Club Apt. 536
New Johnburgh, SD 84995",Y,miles
665,Deanna Pearson,899-08-8201,"606 Roberts Brook
Alberttown, IL 29600",Y,hours
666,Michael Tran,801-64-2211,"83141 Hannah Canyon Suite 534
West Nicoleville, IA 99583",N,miles
667,Nichole Ramirez,190-99-8007,"92244 Taylor Cliff Suite 416
Lake Lance, TX 78147",Y,hours
668,Mitchell Dickson,801-66-7256,"509 Sara Groves Suite 092
New Raymond, VT 15306",N,miles
669,Matthew Oneill,244-42-0054,"466 Marcus Summit Apt. 785
Erinhaven, MI 26328",Y,hours
670,Tanya Sanchez,261-61-3443,"USNV Wong
FPO AP 62397",Y,hours
671,Wanda Thompson,255-69-6710,"9329 Allen Avenue
East Robert, FL 84530",Y,hours
672,Nancy Joseph,396-39-7177,"4428 William Forest Apt. 197
East Brianberg, AK 43889",Y,hours
673,Sheila Smith,363-83-1690,"92733 Tiffany Stream Apt. 814
Macdonaldport, OK 26088",N,miles
674,Carla Bailey,667-12-4582,"857 Deanna Orchard
Singletonville, OR 74231",N,hours
675,Kristin Morris,479-09-1987,"69710 Arellano Mill
South Carlosview, TN 31575",Y,miles
676,Adam Vincent,364-70-8958,"9286 Williams Vista Apt. 539
Port Taraview, AK 42491",Y,hours
677,Lauren Long,207-02-0038,"31185 Tran Motorway
Lake Lori, RI 32687",Y,miles
678,Destiny Johnson,617-78-4675,"865 Joyce Way
Walkerburgh, GA 47932",N,hours
679,Charles Garcia,299-90-4119,"45176 Alicia Springs Apt. 109
New Seanfort, OR 20018",Y,miles
680,Ashley Reid,863-93-6120,"43905 Jennifer Pine
East Carmen, NH 63403",N,hours
681,Abigail Davies,019-47-8059,"01915 Nathan Causeway
North Margaretfort, HI 17065",Y,miles
682,Kelly Juarez,716-05-0469,"PSC 3301, Box 7452
APO AP 13823",Y,hours
683,Karen White,728-65-9271,"6192 Davidson Junctions
Stephenfort, WI 79201",N,hours
684,Yolanda Webb,731-64-9128,"446 Roy Shores
West Danafort, FL 62344",Y,hours
685,Amy Mendoza,221-10-2942,"888 Ayala Court
Jamesside, MI 42802",N,miles
686,Laura Cervantes,102-27-7178,"USCGC Young
FPO AA 61552",Y,hours
687,Stephanie Johnson,870-29-9046,"315 Daniel Mews Apt. 653
West Raymond, AZ 91771",N,miles
688,Chris Alexander,785-14-6812,"282 Moore Hills Suite 166
New Alexa, IN 24074",Y,miles
689,James Morris,373-39-1858,"859 Christina Villages
Kennedymouth, NV 97815",N,miles
690,Jillian Washington,604-20-3356,"226 Jennifer Pines Suite 567
Jacksonburgh, SC 73703",Y,hours
691,Jeffrey Benson,130-24-8486,"4238 Adams Gardens Apt. 929
West Patriciachester, OK 36363",N,hours
692,Mr. Justin Price Jr.,453-04-6322,"774 Sandra Point Suite 674
East Erin, GA 56150",N,hours
693,Thomas Johnson,819-11-8589,"Unit 3301 Box 7247
DPO AP 30042",N,miles
694,Mr. Paul Guzman,296-79-5976,"83294 David Creek Apt. 286
Blankenshiptown, AS 04260",N,miles
695,Stefanie Walker,527-33-7998,"PSC 9263, Box 4728
APO AA 88344",Y,hours
696,Jennifer Wheeler,873-71-7269,"8729 Kristina Lights
Wyattmouth, IL 36882",N,hours
697,Theresa Taylor,312-54-3731,"6724 Hancock Ridge
Alyssashire, SC 45069",N,miles
698,Tammy Hernandez,466-71-0571,"4802 Nancy Glen Apt. 585
East Christina, PW 82767",Y,miles
699,Brian Zimmerman,367-18-3352,"708 David Rue
South Robertburgh, MO 58902",N,miles
700,Kenneth Beard,094-49-1193,"2608 Friedman Plains Apt. 904
Dyerborough, SD 55330",Y,hours
701,Regina Mays,080-55-5645,"03980 Davis Oval Suite 262
Bankshaven, DC 71243",Y,miles
702,Alejandro Morse,384-86-3792,"087 Hughes Ridge
Johnsonport, WA 40635",N,hours
703,Kerry Gordon,154-37-9515,"PSC 3958, Box 4721
APO AE 09644",Y,hours
704,Brittany Mosley,161-45-9238,"87276 Mark Cliffs
Dominguezstad, KS 78267",N,hours
705,Heidi Brown,086-59-0481,"0182 Lewis Circle
East Steveville, ID 06682",Y,miles
706,Melissa Riddle,301-19-1659,"879 Anderson Highway Suite 365
Romeroborough, KS 10870",N,hours
707,Carlos Smith II,212-57-3733,"42910 Gray Locks Suite 918
Maciasshire, AK 49981",N,miles
708,Matthew Hernandez,757-36-6233,"18783 Alyssa Islands Suite 411
Port Erik, FM 79688",Y,miles
709,Ian Patterson,419-18-2892,"73196 Barbara Neck Apt. 212
Heidiborough, WI 59100",Y,hours
710,Melissa Rhodes,265-87-7495,"7472 Kelly Glen
South Steven, NM 31926",Y,hours
711,Kimberly Taylor,836-26-5411,"418 Pamela Mission Suite 671
West Angelaport, DE 63926",N,miles
712,Felicia Hayes,637-48-1834,"4140 Morales Forks Apt. 748
South Kimberlytown, CT 77199",Y,hours
713,Joshua Schwartz,723-58-0065,"458 Cook Vista
East Shawnview, OR 28012",N,miles
714,Joseph Lewis,605-81-1763,"3373 Mitchell Ville
Monicaburgh, FM 00823",Y,hours
715,Daniel Wilkerson,400-04-6465,"228 Danny Forges Suite 985
New Carriemouth, IN 99540",N,miles
716,Brett Houston,394-07-3732,"USS Hudson
FPO AA 45147",N,miles
717,Courtney Snyder,650-38-0058,"PSC 4096, Box 1336
APO AP 98590",Y,miles
718,Ms. Erika Smith,274-20-3961,"Unit 6031 Box 7459
DPO AP 15637",Y,hours
719,Steven Chandler,364-87-7249,"321 Thomas Light Apt. 771
Port Stevenport, MP 50129",N,miles
720,Mary Kidd,157-22-3390,"992 Carroll Crossroad
North Brian, NY 56053",N,hours
721,Sherry Martinez,855-03-2005,"8173 Nguyen Burg Apt. 825
Masonport, UT 62450",N,miles
722,Ernest Olson,467-73-8696,"8028 Carpenter Ridge
Laneton, ID 69774",N,hours
723,Anthony Moore,775-50-9491,"852 Atkins Alley
West Carlafort, PW 96178",Y,hours
724,Gregory Simpson,525-28-7920,"421 Charlotte Extensions
New John, HI 54541",Y,miles
725,Jessica Garner,095-06-8252,"76635 Angela Rapids Suite 878
North Kathyview, AZ 02597",Y,miles
726,Samantha Sanchez,224-38-6842,"8820 Roy Club
Adamsmouth, MO 70743",Y,miles
727,Stephen Alvarado,749-93-2313,"592 Hall Plaza Apt. 745
Port David, GA 47226",N,hours
728,Misty Carr,307-06-3933,"6015 Walker Walks
Denisemouth, ME 05839",Y,hours
729,Mr. Jeremy Garrett,381-64-6421,"98210 Michele Square
Nicoleland, AR 38648",Y,miles
730,Kimberly Anderson,034-27-0864,"8237 Jill Square
Dixonfort, SD 59533",N,hours
731,Ralph Flores Jr.,668-70-0110,"17730 Ashley Views
Alexandriashire, MI 49397",Y,miles
732,Alyssa Gibbs,411-17-9873,"523 Lowe Stream Apt. 399
South Michaelfort, NJ 41616",N,hours
733,David Shelton,279-29-6254,"116 Meagan Trace Apt. 460
Port Kelly, SD 21834",Y,hours
734,Patricia Robinson,135-03-6100,"89247 Hall Highway
South Susan, WI 34258",Y,miles
735,Mary Chambers,381-68-1140,"USNS Cisneros
FPO AA 94001",Y,hours
736,Mr. Steven Acosta,490-79-4022,"PSC 6219, Box 1874
APO AA 99739",N,hours
737,Martin Morse,519-52-8335,"1227 Shane Shoal
West Kyle, NV 97829",Y,miles
738,Phillip Wright,668-80-7315,"44926 Rhonda Course
Harrisonberg, FL 58067",Y,miles
739,Teresa Gonzalez,393-72-2990,"236 Young Forks
Maryport, OH 43399",N,hours
740,Evan Lutz,224-34-5665,"USNS Silva
FPO AP 34649",Y,miles
741,Mary Colon,434-93-1244,"4365 Davis Pike
East Alexandra, MH 36816",N,hours
742,Steve Flores,707-57-7590,"9925 Roger Field Suite 874
Torreston, GA 70906",Y,hours
743,Jessica Mcclure,424-06-3119,"596 Laura Mission
Greenmouth, MO 29714",Y,hours
744,Paul Jefferson,543-38-7699,"427 Laura Plains Suite 391
Thorntonville, SC 53404",N,hours
745,Stephanie Moore,842-13-8481,"6942 Foley Mount Apt. 498
Elijahfort, LA 70298",N,hours
746,Mia Watkins,468-40-1203,"Unit 0284 Box 3957
DPO AA 69280",Y,hours
747,Steven Ruiz,464-56-0945,"9913 Adams Isle Suite 475
Cathyton, VA 55103",Y,miles
748,Tyler Martinez,047-05-3816,"006 Luna Plains Suite 241
Port John, NE 53207",Y,miles
749,Marc Mckee,106-58-0557,"Unit 2945 Box 9991
DPO AE 92025",N,hours
750,Matthew Gray,713-21-9996,"4958 Jennifer Ville
North Tracy, DE 30384",Y,hours
751,Steven Brown,855-65-3801,"515 Garrett Cape Apt. 082
Jeromehaven, MH 44933",N,miles
752,David Moses,203-89-5798,"USNS Ramos
FPO AE 65565",N,miles
753,Kimberly Moore,769-51-7893,"41443 Meyers Rapid Suite 160
South Jenniferborough, PW 23856",N,hours
754,Jennifer Fleming,459-58-1805,"0246 Turner Forge Apt. 957
South Georgemouth, WV 00945",N,miles
755,Jessica Mendez,204-60-0331,"1612 Haas Shoal
South Melaniefurt, MH 54289",N,miles
756,Jeffrey Weber,033-80-3897,"USNV Smith
FPO AP 13557",N,hours
757,Sarah Lee,068-93-4748,"PSC 3992, Box 4645
APO AP 56371",N,miles
758,Jason Oliver,564-80-9055,"18334 Campbell Heights Apt. 811
East Jason, ND 74535",N,miles
759,Tony Griffin,308-50-0721,"9753 Cardenas River
South Anaton, MT 11243",N,miles
760,Elizabeth Steele,745-81-2388,"7892 Ashley Loaf
West Anna, NM 10576",N,miles
761,Cheryl White,767-85-7121,"263 Emily Circles Apt. 933
East Robert, NV 80038",N,hours
762,Eric Hoffman,708-04-8380,"00160 Robert Lodge
Lake Matthewfort, CO 83763",N,hours
763,Cory Stewart,499-52-5339,"65223 Johnston Village Apt. 061
Christinaville, PR 68928",Y,hours
764,Jonathan Frost,554-90-6010,"5790 James Burg
Steeleside, IL 03176",Y,miles
765,Stephen Molina,300-55-4323,"Unit 2106 Box 7244
DPO AA 09871",Y,hours
766,Isaac Patel,821-93-2653,"Unit 0535 Box 5129
DPO AP 88430",N,hours
767,Aaron Romero,116-51-6430,"279 Peterson Gateway
East Angelville, WV 54264",N,miles
768,Sean Smith,039-76-7656,"73873 Jonathan Views Suite 583
New Austin, WI 27876",N,hours
769,Susan Martin,486-84-9528,"452 Odom Run
South Erin, ND 91950",Y,hours
770,Sara Mathews,385-64-2570,"055 Schmidt Ways Apt. 176
Richardchester, PW 60091",N,miles
771,Derek Harris,355-19-8000,"9190 Allison Trail
South Juan, MS 18459",Y,miles
772,Karen Riley,754-53-8604,"44472 Colon Junction
East Dennis, RI 86450",Y,miles
773,Isaac Owens,281-50-8923,"3746 Sarah Falls
West Jessicaview, MN 98229",N,miles
774,Edward Mccormick,677-60-9564,"6050 Shannon Lock Suite 783
Christineberg, MD 49404",Y,miles
775,James Reilly,573-25-7178,"8026 Amber Parks
South Justinmouth, WY 92755",Y,hours
776,Jonathan Barr,456-96-1530,"555 Clark Parks
New Frank, WV 40305",N,miles
777,Chelsea Miller,832-23-5310,"822 Frazier Station
South Erinberg, RI 35756",Y,hours
778,Denise Gutierrez,010-95-5220,"62708 Warren Extensions Apt. 159
Laurenton, MT 70473",Y,miles
779,Donna Smith,213-54-1857,"4528 Wilson Unions Apt. 980
Tuckerburgh, AZ 34923",N,hours
780,Karen Snyder,835-52-8130,"1195 Herman Track
South Daleside, AK 26741",Y,hours
781,John Miller,006-10-1025,"45459 Linda Forest Suite 716
Jonathanborough, KY 82834",Y,hours
782,Reginald Long,746-99-1555,"5399 Petty Mission
Bautistahaven, IN 22575",Y,hours
783,Jon Patel,550-10-3718,"89181 Meza Prairie Apt. 234
Jessicatown, OH 51245",N,miles
784,Rebecca Hall,271-11-1244,"1318 Lane Station
New Calvin, OK 27787",N,hours
785,Rebecca Jones,638-52-2909,"45279 Tracie Manor Suite 804
Mahoneyborough, IA 94587",N,hours
786,Edward Ross DDS,034-05-6896,"015 Ryan Plains Suite 643
Wagnerport, WV 86454",N,hours
787,Deborah Vega MD,786-35-9044,"686 Orr Parkways Apt. 639
Cortezfurt, TN 19351",Y,miles
788,Jason Hernandez,747-29-9678,"04471 Warren Crest
South Sarah, DE 47535",Y,miles
789,Charles Hayes,131-95-4186,"441 Christopher Plains Suite 450
New Frances, UT 34762",Y,hours
790,Michael Moore,293-27-4730,"28683 Veronica Parkways
Madelinemouth, MT 70672",N,hours
791,Gary Hardin,525-30-9660,"77505 Christine Unions
Courtneyborough, MD 21711",Y,hours
792,Wendy Thompson,433-24-7267,"70082 Michelle Crest Suite 035
Lake Catherinefurt, AL 92712",Y,hours
793,Michael Garrett,737-66-3525,"Unit 6638 Box 6476
DPO AE 19306",N,hours
794,Teresa Merritt,475-07-7939,"Unit 2927 Box 7799
DPO AA 03632",N,hours
795,Susan Thompson,253-79-1084,"USNV Fowler
FPO AP 05754",Y,hours
796,James Garza,170-62-0377,"5093 Brown Ways
Port William, MP 68788",Y,miles
797,Brenda Jones,803-20-5406,"0048 Porter Underpass
Lancetown, PW 50249",Y,miles
798,Jacqueline Howard,877-97-5651,"78958 Maria Street
Garciafurt, WY 05012",Y,miles
799,Michael Perez,191-53-6394,"63783 Davis Cove Apt. 743
South Jameschester, TN 49536",Y,hours
800,Brittany Booth,399-10-0687,"09866 Daniel Wall
West Wendy, VT 17668",N,hours
801,James Rangel,212-01-7520,"125 Eric View
Gallowaystad, IA 33121",Y,miles
802,Brooke Walsh,086-48-3783,"63083 Victor Canyon
Reyesside, AL 44135",Y,hours
803,Dustin Burns,404-92-2378,"3193 Hensley Lock
Lake Debra, MA 71191",N,hours
804,Daniel Lin,485-50-6018,"5956 Jennifer Roads Suite 073
South Annettetown, AL 32041",N,hours
805,Dustin Weiss,686-92-5742,"7697 Riley Station Suite 074
West Jenny, NC 21824",N,miles
806,Stephanie Smith,393-92-7582,"208 Mendoza Radial Apt. 917
West Richardside, ME 81238",N,hours
807,Ronald Wells,455-65-6993,"3720 Don Neck Suite 600
South Darryl, CO 80850",Y,hours
808,Nicholas Ramos,522-63-0232,"304 Mahoney Plains
Lake Michaelborough, MA 01263",N,hours
809,Patricia Willis,723-68-3105,"36696 Harry Heights Suite 675
Jamestown, MP 44343",Y,miles
810,Tammy Hudson,683-97-9676,"7158 Mcbride Islands
Russellchester, CT 52371",N,miles
811,Christopher Smith,566-48-7915,"770 Johnson Prairie Apt. 270
Maloneborough, KY 69304",Y,hours
812,Mary Cowan,822-81-1946,"65990 Hancock Common Apt. 743
Annachester, NM 58816",Y,miles
813,Latasha Aguilar,344-83-3356,"999 Cohen Brooks Suite 851
Lake Daniel, WY 56582",Y,miles
814,Nicholas Wright,009-19-6829,"03733 Amber Port
South Kristina, DC 60568",N,miles
815,Brittany Jones,568-93-4491,"44741 Tamara Oval Suite 724
East Billymouth, KS 72433",N,miles
816,Donna Smith,726-91-0020,"389 Gomez Brook
Courtneyfort, AR 73098",Y,hours
817,Adam Best,025-75-3279,"2184 Brian Mountain
South Shanebury, OK 41379",N,hours
818,Dawn Garcia,414-47-9217,"06335 Austin Mall Suite 817
West Jamesborough, OK 71673",Y,hours
819,Kara Rivera,385-35-8715,"4032 Grant Prairie
New Bradleytown, AZ 12902",N,miles
820,Carrie Taylor,205-87-6520,"822 Cardenas Rest Apt. 312
New Lisaberg, FL 16575",N,hours
821,Kenneth Silva,559-13-0260,"435 Donna Creek Suite 587
Caitlinside, AZ 44249",N,miles
822,Cynthia Gray,863-50-2835,"5052 Adrienne Shoal Apt. 545
Calderonmouth, LA 20927",Y,miles
823,Eric Hardy,539-50-0960,"8142 Jeffrey Dale
Andreaberg, WY 97009",N,miles
824,Adrian Jacobs,103-77-9620,"53977 Conway Corner
Katherineburgh, NC 21485",N,hours
825,Heather Cardenas,253-53-1888,"200 Castillo Pass Apt. 344
Port Codyside, NV 20188",Y,hours
826,Ann Chapman,092-47-8259,"77315 Harrington Lock
New Cherylborough, MD 01677",N,hours
827,Austin Conrad,219-68-8002,"Unit 4714 Box 9157
DPO AE 52260",N,hours
828,Robert Doyle,753-95-5723,"448 Brown Radial Apt. 496
New Connorchester, OK 13485",N,hours
829,Jennifer Hernandez,388-04-0961,"165 Joshua Extensions Suite 019
Campbellmouth, OH 59432",N,miles
830,Joseph Stokes,875-96-3426,"424 Valerie Turnpike Suite 562
North Ryantown, PA 44057",N,miles
831,Jeremy Jensen,770-10-9445,"848 Rachel Skyway Apt. 705
Scottville, SC 77006",Y,miles
832,Gerald Francis,441-22-5713,"677 Matthews Land
East Davidland, SD 32071",Y,miles
833,Veronica Glenn,622-66-6119,"2030 Fleming Inlet Suite 323
North Garychester, NV 71859",Y,miles
834,Ashley Delgado,149-83-3617,"20908 Kevin Knolls Suite 018
Bowmanchester, IL 93429",Y,hours
835,Melissa Black,672-80-1122,"522 Patrick Creek Apt. 724
West Adambury, MS 65467",Y,miles
836,Katelyn Barnes,479-53-5769,"8356 Sherry Mission Apt. 267
North Carlborough, MH 47906",Y,hours
837,Victoria Molina,340-33-6379,"555 Burns Crest
Stevensonstad, MN 21734",N,miles
838,Taylor Campbell,463-51-1818,"18956 Lisa Mills
Smithland, FM 53792",Y,miles
839,Steven Melton,608-79-7420,"PSC 4307, Box 4368
APO AP 53577",N,miles
840,Megan Sloan,676-98-4343,"8470 Simmons Island
South Maryborough, AZ 29871",Y,miles
841,Ashley Pugh,680-47-1084,"740 Lewis Streets Apt. 650
North Danielhaven, IA 68683",N,hours
842,Taylor Miller,635-69-2547,"34934 Emily Plaza Apt. 485
Arroyobury, HI 60226",Y,miles
843,Craig Fuller,092-82-6588,"USNS Perry
FPO AE 37268",N,miles
844,George Kidd,834-22-6729,"224 Brittany Unions
Whiteland, VI 63491",Y,hours
845,Amanda Williams,180-44-6525,"32336 Bennett Causeway Apt. 748
Brandonmouth, PW 32596",Y,miles
846,Norman Walker,713-24-7766,"7713 King Pines Apt. 686
Heatherburgh, OR 32959",N,miles
847,Stephanie Smith,772-14-0472,"718 Stephen Square Suite 614
Rodriguezstad, LA 36187",Y,hours
848,Douglas Dominguez,429-48-8455,"5245 Luke Island Suite 252
West Nicole, VI 04740",N,hours
849,Priscilla Lang,611-62-0930,"Unit 3480 Box 3371
DPO AA 70258",N,miles
850,Shawn Duke,857-53-1029,"780 Nathan Island
Kaiserport, AS 13735",Y,miles
851,Christine Woodard,776-92-2926,"246 Charles Viaduct
Lake Ryanchester, LA 72998",N,hours
852,Danielle Smith,218-27-1793,"821 Christian Union Suite 712
South Miguel, KY 21345",N,hours
853,Luis Hunt,708-18-5023,"445 Thomas Key
Danielleborough, WY 11272",Y,miles
854,Christopher Rodriguez,659-62-5541,"740 Sanders Keys
Loganmouth, MI 01662",N,hours
855,Erin Snyder,571-44-0008,"0221 Michele Motorway
North Jonathan, AS 74204",Y,miles
856,Annette Valdez,178-18-9785,"329 Lewis Plaza Apt. 938
New Laura, TX 41693",Y,hours
857,Lisa Perry,169-67-5008,"324 Robert Divide
Delgadomouth, MN 35680",N,hours
858,Troy Collins,018-35-7925,"73894 Angela Green Apt. 656
North Cynthia, NH 64568",Y,miles
859,Justin Steele,295-34-2760,"46062 Knapp Roads
Mitchellchester, WA 74556",Y,miles
860,Victor Wood,587-53-5170,"USNS Bonilla
FPO AP 45687",Y,hours
861,Megan Hoffman,266-73-7002,"231 Ross Lane
Meadowsborough, VA 77526",N,miles
862,Angel Williams,779-11-0629,"156 Palmer Hollow
Maryton, MA 09442",Y,hours
863,Barbara Martinez,210-63-9273,"USS Hernandez
FPO AA 76401",N,miles
864,Fernando Brown,734-73-2059,"6772 Shelly Trail Suite 680
Kellyside, DE 58150",Y,hours
865,Jill Maddox,743-29-3091,"993 Brooks Manor
Aaronshire, MA 49861",Y,hours
866,Jessica Strong,488-05-6934,"649 Cynthia Cape Suite 154
New Daniel, MD 65607",N,hours
867,Daniel Diaz,406-41-0564,"48855 Reynolds Falls
Barrettfort, NE 11771",Y,hours
868,Stephanie Duncan,512-81-5441,"682 Bell Stravenue Suite 928
Deckerchester, AK 49227",N,hours
869,Mary Stewart,104-36-8473,"91980 Brad Greens
South Roy, MH 05612",N,miles
870,Jennifer Park,163-93-9813,"PSC 1549, Box 1873
APO AA 37757",Y,hours
871,David Wallace,736-96-2873,"4122 Gregory Ramp Suite 666
Port Stephanie, ID 82916",N,hours
872,Thomas Delgado,163-25-4065,"93127 Alice Inlet Apt. 223
West Carolmouth, LA 09686",Y,miles
873,Kathleen Holmes,883-78-6397,"23247 Stewart Junction Apt. 123
Lake Carolyn, VT 41741",N,hours
874,Jerome Myers,502-32-8789,"15120 Ayers Circles
East Craigland, WY 41830",N,miles
875,Charles Cline,496-58-8867,"04524 Anderson Corners Suite 967
Rachelburgh, AZ 87410",N,miles
876,Cathy Hernandez,677-66-1941,"519 Brandon Points Suite 881
East Michael, NM 34553",N,hours
877,Lindsey Jenkins,088-22-0595,"12319 Jones Parkway
South Maria, NY 17091",N,miles
878,Lauren Goodman,374-54-6328,"353 Cynthia Highway
Wardville, ID 62813",Y,hours
879,Kevin Proctor,351-39-0508,"3383 Sydney Pass
New Danielleberg, SC 85440",Y,hours
880,Raymond Lawson,546-07-9664,"59949 Huffman Park Apt. 420
North Rogerville, HI 96318",N,hours
881,James Fritz,361-52-6620,"149 Allen Pines
Port Lisa, UT 54908",Y,miles
882,Theresa Macias,707-59-6270,"855 Green Curve
New Carolynton, AR 96909",N,hours
883,Lisa Johnson,744-80-7710,"7519 Charles Valley Suite 810
North Kevin, AK 78077",N,miles
884,Shelley Smith,646-61-7374,"144 Torres Locks Suite 430
Zacharyhaven, GU 51620",Y,hours
885,Michael Zuniga,621-91-6636,"982 Michael Villages
Bergerchester, DE 84791",Y,miles
886,James Richardson,346-47-3752,"USCGC Hansen
FPO AA 26681",Y,miles
887,Kenneth Daniels,721-56-1478,"USCGC Perez
FPO AA 65529",N,miles
888,Curtis Lowe,183-74-8219,"96662 Steven Prairie
West Jimmystad, NC 76626",N,miles
889,David Rivers,793-77-3110,"1577 Kelly Extension Suite 387
Claytonville, MP 92923",N,hours
890,Paul Vazquez,405-94-0248,"Unit 7747 Box 9594
DPO AA 15951",N,miles
891,Tammy Davis,510-82-5668,"844 Cook Viaduct Suite 562
Lake Alexandratown, MA 92061",N,miles
892,Manuel Perez,234-57-2139,"0951 Woods Springs Suite 670
Lake Samantha, VA 32233",N,miles
893,Christopher Kirby,172-46-8173,"64291 Kathryn Coves Suite 722
New Danielle, NH 48327",Y,hours
894,David Fleming,273-29-5656,"2726 Hernandez Plaza Suite 570
Paulport, TN 58513",N,miles
895,Sierra Smith,372-79-2651,"902 Jill Islands
Sullivanchester, OK 68072",N,miles
896,Kristen Rojas,107-47-1157,"USCGC Barber
FPO AA 10671",Y,miles
897,Brandy Snyder,386-85-5876,"6305 Glenn Trace
Port Carolyn, MH 59887",Y,miles
898,Colleen Pope,806-95-7893,"6756 Emily Corner Suite 237
Sarahmouth, CA 05596",Y,hours
899,Jennifer Cobb,137-67-4973,"738 Thomas Fields Suite 608
Colefurt, DE 52202",Y,hours
900,Jessica Long,849-18-8084,"6947 Fernandez Shoals
West Edward, RI 93938",N,miles
901,Christian Velazquez,563-78-3494,"73073 Kimberly Burgs Suite 761
Markchester, SC 72508",Y,miles
902,Joseph Mcconnell,862-28-4747,"9947 Kelsey Summit
New Cameron, MI 48409",N,miles
903,James Williams,165-92-3809,"USS Carson
FPO AE 30617",N,hours
904,Tracy Moore,893-30-6673,"PSC 9061, Box 4379
APO AA 25591",N,hours
905,Morgan Harris,331-68-0247,"48823 Murray Club
Alexanderview, OK 89762",N,miles
906,Wanda Rodriguez,486-42-4471,"USNV Boyer
FPO AP 71173",N,miles
907,Olivia Robinson,506-99-3720,"092 Davis Estates
Harveyfurt, MN 40038",Y,miles
908,Gregory Lopez,546-89-4579,"6144 Amanda Court
West Amy, LA 74508",Y,miles
909,Anthony Rivera,772-10-4388,"USNS Ball
FPO AA 93128",Y,hours
910,Eric Ross,157-89-7355,"9025 Wilson Ranch Apt. 000
East Parker, AR 44182",N,miles
911,James Mckenzie,279-92-4119,"0322 Medina Path
New Kimberlyport, FL 91278",Y,miles
912,Keith Patterson,423-92-9027,"4729 Laurie Rue Apt. 055
Jimenezchester, MH 82500",Y,hours
913,Randall Zimmerman,191-57-7111,"60911 Charles Summit Apt. 394
West Linda, MS 23552",N,hours
914,Susan Mosley,492-87-8152,"64815 Ryan Prairie
East Paul, PR 95051",Y,miles
915,Ronald Mccoy,425-89-0772,"385 Mora Road Suite 429
Shermanburgh, ND 36700",N,miles
916,Steven Powers,740-31-1246,"88262 Wesley Lodge
New Davidberg, IL 24910",Y,miles
917,James White,671-94-0910,"67727 Michele Ports
New Tracy, LA 43008",N,miles
918,Robert Lopez,809-75-8796,"31608 Delgado Dale
Lake Abigailstad, NJ 95825",N,hours
919,Jack Hines,501-78-9011,"9308 Elizabeth Garden Apt. 237
Phillipsmouth, CA 40886",Y,miles
920,Kellie Jones,008-59-5793,"7349 Joseph Freeway Apt. 137
East Bryan, NH 53775",N,miles
921,Sarah Thompson,679-98-7775,"40951 Reynolds Villages Suite 417
Lake Jocelyn, WI 58789",N,miles
922,James Young,494-22-8714,"55012 Bowers Village
Brandybury, HI 24726",N,miles
923,Tammy Norris,443-91-6765,"5996 Marquez Cliff Apt. 839
Ginafort, SC 91581",N,miles
924,Jennifer Villa,238-22-7254,"8906 Teresa Prairie
East Patrick, MA 32181",N,hours
925,Jennifer Rodriguez,207-74-9267,"73723 Francis Valleys Apt. 175
East Kristenshire, WY 26389",Y,hours
926,Amber Page,260-72-7064,"77932 Wade Dam Suite 609
East Scottstad, FM 55831",N,hours
927,Corey James,430-91-0144,"8468 Victoria Crossing Apt. 934
Margaretfurt, AL 98423",N,miles
928,Edward Rose,863-90-0436,"08223 Stevenson Plain
Port Joshuatown, GA 65557",N,hours
929,Kenneth Dixon,455-80-7925,"0357 Wall Junction Suite 326
Jasonmouth, FM 29683",N,hours
930,Carmen Brown,264-30-6929,"8736 Hall Courts
East Leslieberg, VA 55941",Y,hours
931,Frank Blanchard,329-70-6064,"55448 Hannah Extensions Suite 702
Richardshire, AK 21989",Y,hours
932,Jason Wise,228-38-7947,"6314 Gabriel Parkway
Walterstad, GA 62622",Y,miles
933,Teresa Adams,485-61-9654,"4042 Boyer Greens Suite 371
Sethfurt, NY 61509",N,miles
934,Lisa Brennan,226-50-6071,"874 Michael Cove
West Christopherstad, NC 72716",N,miles
935,Alexis Collins,214-13-8464,"13205 Rose Alley
South Lauren, ME 89124",Y,miles
936,Jose Tucker,803-83-4171,"9589 Justin Creek Suite 888
Port Aaron, NC 41450",N,hours
937,Victoria Murray,622-17-6026,"72906 Jones Road Apt. 898
Reyesshire, MH 46102",N,hours
938,Rebecca Campbell,601-41-8246,"71118 Candace Walk
Roberthaven, AL 08322",Y,miles
939,Jennifer Jimenez,027-57-0940,"401 Hendrix Run
Lake Cassandra, UT 86119",Y,miles
940,Leah Smith,724-79-7200,"USNV Evans
FPO AE 72107",N,hours
941,Erin Dean MD,124-62-5025,"045 Mary Circles Suite 992
East Brittanybury, ID 66083",N,miles
942,Tammy Little,290-45-9177,"922 Jennifer Unions Suite 808
Savannahton, AK 12507",Y,miles
943,Paul Thomas,023-17-6853,"Unit 4730 Box 4030
DPO AA 16613",Y,hours
944,Dr. Paul Smith,140-60-3527,"805 Walker Prairie Apt. 439
Christopherport, NV 26928",N,miles
945,Robert Sanders,299-37-2468,"572 Derrick Cliff Apt. 753
Smithside, PA 41002",N,hours
946,Cameron Johnson,322-98-7032,"10630 Brown Groves Apt. 095
Heatherburgh, LA 79962",Y,miles
947,Clayton Blevins,007-11-3545,"Unit 0715 Box 3021
DPO AA 65293",N,hours
948,David Wilson,212-31-6015,"074 Guerra Highway Apt. 341
Shannonmouth, LA 19992",N,hours
949,Patrick Mitchell,610-93-1506,"888 Tina Isle
Port Andrew, FL 68610",N,hours
950,Kathryn Robertson,833-11-6739,"6730 Charles Ranch Apt. 328
South Anthonymouth, UT 79071",N,miles
951,Elizabeth Williams,542-41-1410,"603 Mcfarland Village Apt. 004
New Howard, AR 79949",N,miles
952,William Novak,833-16-4333,"5215 Michael Road Apt. 346
East Adam, UT 80669",N,hours
953,Richard Mahoney,679-05-6355,"183 Bray Expressway Suite 957
East Shaneside, AK 74408",Y,hours
954,Rachel Perkins,107-02-7373,"972 Johnson Road Apt. 159
Zacharymouth, AZ 77593",N,hours
955,Courtney Gonzalez,656-90-0601,"66879 Clark Path Apt. 327
Kelleymouth, CT 06221",N,hours
956,Cheryl Johnson,816-18-3070,"68000 White Prairie
Port Mitchell, WV 32929",Y,hours
957,Katherine Vazquez,517-06-9123,"564 Terri Ports Apt. 387
Millermouth, IA 58353",Y,miles
958,Karen Clark,097-96-8984,"606 Shepherd Drive Suite 397
Brandiburgh, OK 65376",Y,miles
959,Daniel Rivera,412-51-3978,"2262 Cooper Fall Apt. 359
Morenomouth, MA 10873",N,hours
960,Sarah Murphy,731-08-8508,"404 Catherine Forks
Bishopstad, WV 98225",Y,hours
961,Cynthia Butler DDS,051-25-2722,"741 Sampson Junctions Apt. 705
Pruittburgh, NV 49069",Y,miles
962,William West,379-04-6540,"1711 Morris Turnpike
Danafurt, KS 63767",N,hours
963,Terri Taylor,505-95-0751,"90444 Christopher Trail
North Anthony, NY 70763",Y,miles
964,Brandy Spencer,708-73-4396,"8465 Moon Forest
Ruizshire, MI 85796",N,hours
965,Tony Reyes,261-56-5358,"325 Howell Parkways Suite 003
Karentown, VI 99717",N,hours
966,Michelle Howard,395-59-7341,"2243 Johnson Springs Suite 833
North Elizabeth, SC 50480",N,hours
967,Brittany Graham,737-42-4936,"4319 Ingram Squares Suite 669
New Meganfurt, ID 41873",Y,miles
968,Juan Smith,687-50-7076,"049 Danielle Trafficway Apt. 540
Ericaberg, SC 46284",N,miles
969,Lisa Nixon,447-56-9824,"8614 Sullivan Bridge
South Cynthia, NV 19268",Y,miles
970,Michael Zhang,783-66-5126,"57186 Snow Well Suite 553
South Kara, KY 16394",N,hours
971,Dana Anderson,319-70-6520,"38904 Wolfe Village Apt. 946
Thompsonside, OK 31745",Y,hours
972,Thomas Boone,160-26-4001,"947 Carter Walk Suite 789
Lake Jennifer, NJ 98845",N,miles
973,Oscar Jenkins,151-25-5182,"0991 Ashley Harbor
Lake Jessicafort, VA 66113",Y,miles
974,Jonathan Potts,180-38-2212,"PSC 9931, Box 3812
APO AE 76932",Y,miles
975,Anna Mendez,190-04-7983,"796 Caldwell Hills
Kristibury, TN 23482",Y,hours
976,Chase Hahn,094-64-8985,"36106 Jonathon Gateway Suite 395
West Bruce, VT 17733",N,miles
977,Patrick King,205-06-1362,"8638 Ethan Road Suite 216
Johnsonland, CA 57315",Y,hours
978,Joseph Wallace,710-68-9880,"373 Judy Cove
Lake Larryside, WI 54863",Y,hours
979,Darrell Lee,558-52-1143,"78251 Nelson Road Suite 289
West Kimberlyton, MI 69558",N,hours
980,Jennifer Medina,203-22-1460,"909 Alicia Skyway
Mariofurt, KY 52294",Y,miles
981,Lisa Monroe,899-66-0718,"67724 Jose Mills Suite 715
West Stacyport, MN 41880",Y,miles
982,Monica Fields,321-10-2308,"266 Tracy Port Apt. 873
Vickiport, PR 62167",Y,miles
983,Adam Hodges,109-57-2559,"11143 Daniel Manor Suite 190
South Gregside, PW 17659",N,hours
984,Martha Ward DDS,767-82-7210,"6745 Thornton Square Apt. 879
West Brett, SD 93089",N,hours
985,Joseph Grant,678-59-1483,"241 Michael Mount
Meganside, OH 71063",Y,miles
986,Michael Mays,508-30-7684,"266 Donna Drive Suite 499
Graychester, IL 41170",N,hours
987,Terry Parker,020-83-9821,"275 Lisa Skyway
West Amy, PA 34560",N,hours
988,David Franklin,748-24-2155,"846 Rodriguez Isle
Lake Tyler, ME 14954",N,hours
989,Jennifer Butler,331-49-1864,"514 Thomas Key
Lake Larry, CT 04484",N,miles
990,Brett Collins,264-60-1728,"56551 George Stream Suite 731
Browntown, FM 47025",Y,miles
991,Sheila Bryant,471-98-5438,"4114 Lowe Parkway Apt. 173
Graceberg, DE 18311",Y,hours
992,Rebecca Guerrero,394-28-7557,"94474 Conrad Lane
New Richard, MO 23343",Y,miles
993,Valerie Torres,149-95-7004,"8948 Olivia Ridge Apt. 553
East Thomas, TN 42438",Y,hours
994,Jamie Solomon,317-44-3204,"746 Scott Stravenue Apt. 600
Lake Howardtown, NE 75505",N,hours
995,Ann Ingram,023-12-1129,"122 Adams Ferry
Marymouth, MS 53639",N,miles
996,Gary Collins,131-45-3578,"69328 John Harbor Apt. 112
East Kathleenberg, MI 82024",Y,hours
997,Kenneth Byrd,221-49-6004,"546 Rodriguez Center
Port Michael, IL 66273",N,miles
998,Lisa Franco,136-76-0696,"PSC 6735, Box 2261
APO AA 62375",N,hours
999,Larry Brock,784-89-1051,"9839 Chelsea Street
East Elizabeth, IN 44771",Y,miles
1000,Scott Schwartz,796-74-1958,"91606 Matthew Trace
New Tyler, SD 73831",N,miles
1001,Jody Guzman,757-09-1769,"9323 Walter Club
Michelletown, LA 67588",Y,hours
1002,Cory Alexander,707-93-2108,"45661 Lisa Heights
East Willie, OR 87145",N,hours
1003,Margaret Ruiz,611-27-3399,"PSC 2792, Box 2855
APO AP 09542",Y,miles
1004,Joshua Chaney,746-93-4260,"850 Nathaniel Terrace Apt. 259
Mirandaton, DC 22277",N,hours
1005,Dana Booker,560-76-0569,"PSC 7718, Box 3926
APO AA 03713",N,hours
1006,Amber Coleman,782-48-7071,"4464 Ingram Gardens Apt. 830
Port Elizabethfurt, ND 68844",Y,miles
1007,Jay Johnson,309-91-6051,"982 Anthony Viaduct Apt. 868
Erinland, AL 06312",N,miles
1008,Tyler Huffman,336-85-2890,"60229 Joshua Forges
Port Julia, MA 98830",Y,miles
1009,Kimberly Townsend,809-98-6760,"30625 Joshua Throughway Suite 653
Wardbury, VI 62575",N,miles
